SKU not found,In Stock
SKU not found,In Stock
SKU not found,In Stock
SKU not found,In Stock
SKU not found,In Stock
SKU not found,In Stock
SKU not found,In Stock
SKU not found,In Stock
SKU not found,In Stock
SKU not found,In Stock
SKU not found,In Stock
SKU not found,In Stock
SKU not found,In Stock
SKU not found,In Stock
SKU not found,In Stock
SKU not found,In Stock
SKU not found,In Stock
SKU not found,In Stock
SKU not found,In Stock
SKU not found,In Stock
SKU not found,In Stock
SKU not found,In Stock
SKU not found,In Stock
SKU not found,In Stock
SKU not found,In Stock
SKU not found,In Stock
SKU not found,In Stock
SKU not found,In Stock
SKU not found,In Stock
SKU not found,In Stock
SKU not found,In Stock
SKU not found,In Stock
SKU not found,In Stock
SKU not found,In Stock
SKU not found,In Stock
SKU not found,In Stock
SKU not found,In Stock
SKU not found,In Stock
SKU not found,In Stock
SKU not found,In Stock
SKU not found,In Stock
SKU not found,In Stock
SKU not found,In Stock
SKU not found,In Stock
SKU not found,In Stock
SKU not found,In Stock
SKU not found,In Stock
SKU not found,In Stock
SKU not found,In Stock
SKU not found,In Stock
SKU not found,In Stock
SKU not found,In Stock
SKU not found,In Stock
SKU not found,In Stock
SKU not found,In Stock
SKU not found,In Stock
SKU not found,In Stock
SKU not found,In Stock
SKU not found,In Stock
SKU not found,In Stock
SKU not found,In Stock
SKU not found,In Stock
SKU not found,In Stock
SKU not found,In Stock
SKU not found,In Stock
SKU not found,In Stock
SKU not found,In Stock
SKU not found,In Stock
SKU not found,In Stock
SKU not found,In Stock
SKU not found,In Stock
SKU not found,In Stock
SKU not found,In Stock
SKU not found,In Stock
SKU not found,In Stock
SKU not found,In Stock
SKU not found,In Stock
SKU not found,In Stock
SKU not found,In Stock
SKU not found,In Stock
SKU not found,In Stock
SKU not found,In Stock
SKU not found,In Stock
SKU not found,In Stock
SKU not found,In Stock
SKU not found,In Stock
SKU not found,In Stock
SKU not found,In Stock
SKU not found,In Stock
SKU not found,In Stock
SKU not found,In Stock
SKU not found,In Stock
SKU not found,In Stock
SKU not found,In Stock
SKU not found,In Stock
SKU not found,In Stock
SKU not found,In Stock
SKU not found,In Stock
SKU not found,In Stock
SKU not found,In Stock
SKU not found,In Stock
SKU not found,In Stock
SKU not found,In Stock
SKU not found,In Stock
SKU not found,In Stock
SKU not found,In Stock
SKU not found,In Stock
SKU not found,In Stock
SKU not found,In Stock
SKU not found,In Stock
SKU not found,In Stock
SKU not found,In Stock
SKU not found,In Stock
SKU not found,In Stock
SKU not found,In Stock
SKU not found,In Stock
SKU not found,In Stock
SKU not found,In Stock
SKU not found,In Stock
SKU not found,In Stock
SKU not found,In Stock
SKU not found,In Stock
SKU not found,In Stock
SKU not found,In Stock
SKU not found,In Stock
SKU not found,In Stock
SKU not found,In Stock
SKU not found,In Stock
SKU not found,In Stock
SKU not found,In Stock
SKU not found,In Stock
SKU not found,In Stock
SKU not found,In Stock
SKU not found,In Stock
SKU not found,In Stock
SKU not found,In Stock
SKU not found,In Stock
SKU not found,In Stock
SKU not found,In Stock
SKU not found,In Stock
SKU not found,In Stock
SKU not found,In Stock
SKU not found,In Stock
SKU not found,In Stock
SKU not found,In Stock
SKU not found,In Stock
SKU not found,In Stock
SKU not found,In Stock
SKU not found,In Stock
SKU not found,In Stock
SKU not found,In Stock
SKU not found,In Stock
SKU not found,In Stock
SKU not found,In Stock
SKU not found,In Stock
SKU not found,In Stock
SKU not found,In Stock
SKU not found,In Stock
SKU not found,In Stock
SKU not found,In Stock
SKU not found,In Stock
SKU not found,In Stock
SKU not found,In Stock
SKU not found,In Stock
SKU not found,In Stock
SKU not found,In Stock
SKU not found,In Stock
SKU not found,In Stock
SKU not found,In Stock
SKU not found,In Stock
SKU not found,In Stock
SKU not found,In Stock
SKU not found,In Stock
SKU not found,In Stock
SKU not found,In Stock
SKU not found,In Stock
SKU not found,In Stock
SKU not found,In Stock
SKU not found,In Stock
SKU not found,In Stock
SKU not found,In Stock
SKU not found,In Stock
SKU not found,In Stock
SKU not found,In Stock
SKU not found,In Stock
SKU not found,In Stock
SKU not found,In Stock
SKU not found,In Stock
SKU not found,In Stock
SKU not found,In Stock
SKU not found,In Stock
SKU not found,In Stock
SKU not found,In Stock
SKU not found,In Stock
SKU not found,In Stock
SKU not found,In Stock
SKU not found,In Stock
SKU not found,In Stock
SKU not found,In Stock
SKU not found,In Stock
SKU not found,In Stock
SKU not found,In Stock
SKU not found,In Stock
SKU not found,In Stock
SKU not found,In Stock
SKU not found,In Stock
SKU not found,In Stock
SKU not found,In Stock
SKU not found,In Stock
SKU not found,In Stock
SKU not found,In Stock
SKU not found,In Stock
SKU not found,In Stock
SKU not found,In Stock
SKU not found,In Stock
SKU not found,In Stock
SKU not found,In Stock
SKU not found,In Stock
SKU not found,In Stock
SKU not found,In Stock
SKU not found,In Stock
SKU not found,In Stock
SKU not found,In Stock
SKU not found,In Stock
SKU not found,In Stock
SKU not found,In Stock
SKU not found,In Stock
SKU not found,In Stock
SKU not found,In Stock
SKU not found,In Stock
SKU not found,In Stock
SKU not found,In Stock
SKU not found,In Stock
SKU not found,In Stock
SKU not found,In Stock
SKU not found,In Stock
SKU not found,In Stock
SKU not found,In Stock
SKU not found,In Stock
SKU not found,In Stock
SKU not found,In Stock
SKU not found,In Stock
SKU not found,In Stock
SKU not found,In Stock
SKU not found,In Stock
SKU not found,In Stock
SKU not found,In Stock
SKU not found,In Stock
SKU not found,In Stock
SKU not found,In Stock
SKU not found,In Stock
SKU not found,In Stock
SKU not found,In Stock
SKU not found,In Stock
SKU not found,In Stock
SKU not found,In Stock
SKU not found,In Stock
SKU not found,In Stock
SKU not found,In Stock
SKU not found,In Stock
SKU not found,In Stock
SKU not found,In Stock
SKU not found,In Stock
SKU not found,In Stock
SKU not found,In Stock
SKU not found,In Stock
SKU not found,In Stock
SKU not found,In Stock
SKU not found,In Stock
SKU not found,In Stock
SKU not found,In Stock
SKU not found,In Stock
SKU not found,In Stock
SKU not found,In Stock
SKU not found,In Stock
SKU not found,In Stock
SKU not found,In Stock
SKU not found,In Stock
SKU not found,In Stock
SKU not found,In Stock
SKU not found,In Stock
SKU not found,In Stock
SKU not found,In Stock
SKU not found,In Stock
SKU not found,In Stock
SKU not found,In Stock
SKU not found,In Stock
SKU not found,In Stock
SKU not found,In Stock
SKU not found,In Stock
SKU not found,In Stock
SKU not found,In Stock
SKU not found,In Stock
SKU not found,In Stock
SKU not found,In Stock
SKU not found,In Stock
SKU not found,In Stock
SKU not found,In Stock
SKU not found,In Stock
SKU not found,In Stock
SKU not found,In Stock
SKU not found,In Stock
SKU not found,In Stock
SKU not found,In Stock
SKU not found,In Stock
SKU not found,In Stock
SKU not found,In Stock
SKU not found,In Stock
SKU not found,In Stock
SKU not found,In Stock
SKU not found,In Stock
SKU not found,In Stock
SKU not found,In Stock
SKU not found,In Stock
SKU not found,In Stock
SKU not found,In Stock
SKU not found,In Stock
SKU not found,In Stock
SKU not found,In Stock
SKU not found,In Stock
SKU not found,In Stock
SKU not found,In Stock
SKU not found,In Stock
SKU not found,In Stock
SKU not found,In Stock
SKU not found,In Stock
SKU not found,In Stock
SKU not found,In Stock
SKU not found,In Stock
SKU not found,In Stock
SKU not found,In Stock
SKU not found,In Stock
SKU not found,In Stock
SKU not found,In Stock
SKU not found,In Stock
SKU not found,In Stock
SKU not found,In Stock
SKU not found,In Stock
SKU not found,In Stock
SKU not found,In Stock
SKU not found,In Stock
SKU not found,In Stock
SKU not found,In Stock
SKU not found,In Stock
SKU not found,In Stock
SKU not found,In Stock
SKU not found,In Stock
SKU not found,In Stock
SKU not found,In Stock
SKU not found,In Stock
SKU not found,In Stock
SKU not found,In Stock
SKU not found,In Stock
SKU not found,In Stock
SKU not found,In Stock
SKU not found,In Stock
SKU not found,In Stock
SKU not found,In Stock
SKU not found,In Stock
SKU not found,In Stock
SKU not found,In Stock
SKU not found,In Stock
SKU not found,In Stock
SKU not found,In Stock
SKU not found,In Stock
SKU not found,In Stock
SKU not found,In Stock
SKU not found,In Stock
SKU not found,In Stock
SKU not found,In Stock
SKU not found,In Stock
SKU not found,In Stock
SKU not found,In Stock
SKU not found,In Stock
SKU not found,In Stock
SKU not found,In Stock
SKU not found,In Stock
SKU not found,In Stock
SKU not found,In Stock
SKU not found,In Stock
SKU not found,In Stock
SKU not found,In Stock
SKU not found,In Stock
SKU not found,In Stock
SKU not found,In Stock
SKU not found,In Stock
SKU not found,In Stock
SKU not found,In Stock
SKU not found,In Stock
SKU not found,In Stock
SKU not found,In Stock
SKU not found,In Stock
SKU not found,In Stock
SKU not found,In Stock
SKU not found,In Stock
SKU not found,In Stock
SKU not found,In Stock
SKU not found,In Stock
SKU not found,In Stock
SKU not found,In Stock
SKU not found,In Stock
SKU not found,In Stock
SKU not found,In Stock
SKU not found,In Stock
SKU not found,In Stock
SKU not found,In Stock
SKU not found,In Stock
SKU not found,In Stock
SKU not found,In Stock
SKU not found,In Stock
SKU not found,In Stock
SKU not found,In Stock
SKU not found,In Stock
SKU not found,In Stock
SKU not found,In Stock
SKU not found,In Stock
SKU not found,In Stock
SKU not found,In Stock
SKU not found,In Stock
SKU not found,In Stock
SKU not found,In Stock
SKU not found,In Stock
SKU not found,In Stock
SKU not found,In Stock
SKU not found,In Stock
SKU not found,In Stock
SKU not found,In Stock
SKU not found,In Stock
SKU not found,In Stock
SKU not found,In Stock
SKU not found,In Stock
SKU not found,In Stock
SKU not found,In Stock
SKU not found,In Stock
SKU not found,In Stock
SKU not found,In Stock
SKU not found,In Stock
SKU not found,In Stock
SKU not found,In Stock
SKU not found,In Stock
SKU not found,In Stock
SKU not found,In Stock
SKU not found,In Stock
SKU not found,In Stock
SKU not found,In Stock
SKU not found,In Stock
SKU not found,In Stock
SKU not found,In Stock
SKU not found,In Stock
SKU not found,In Stock
SKU not found,In Stock
SKU not found,In Stock
SKU not found,In Stock
SKU not found,In Stock
SKU not found,In Stock
SKU not found,In Stock
SKU not found,In Stock
SKU not found,In Stock
SKU not found,In Stock
SKU not found,In Stock
SKU not found,In Stock
SKU not found,In Stock
SKU not found,In Stock
SKU not found,In Stock
SKU not found,In Stock
SKU not found,In Stock
SKU not found,In Stock
SKU not found,In Stock
SKU not found,In Stock
SKU not found,In Stock
SKU not found,In Stock
SKU not found,In Stock
SKU not found,In Stock
SKU not found,In Stock
SKU not found,In Stock
SKU not found,In Stock
SKU not found,In Stock
SKU not found,In Stock
SKU not found,In Stock
SKU not found,In Stock
SKU not found,In Stock
SKU not found,In Stock
SKU not found,In Stock
SKU not found,In Stock
SKU not found,In Stock
SKU not found,In Stock
SKU not found,In Stock
SKU not found,In Stock
SKU not found,In Stock
SKU not found,In Stock
SKU not found,In Stock
SKU not found,In Stock
SKU not found,In Stock
SKU not found,In Stock
SKU not found,In Stock
SKU not found,In Stock
SKU not found,In Stock
SKU not found,In Stock
SKU not found,In Stock
SKU not found,In Stock
SKU not found,In Stock
SKU not found,In Stock
SKU not found,In Stock
SKU not found,In Stock
SKU not found,In Stock
SKU not found,In Stock
SKU not found,In Stock
SKU not found,In Stock
SKU not found,In Stock
SKU not found,In Stock
SKU not found,In Stock
SKU not found,In Stock
SKU not found,In Stock
SKU not found,In Stock
SKU not found,In Stock
SKU not found,In Stock
SKU not found,In Stock
SKU not found,In Stock
SKU not found,In Stock
SKU not found,In Stock
SKU not found,In Stock
SKU not found,In Stock
SKU not found,In Stock
SKU not found,In Stock
SKU not found,In Stock
SKU not found,In Stock
SKU not found,In Stock
SKU not found,In Stock
SKU not found,In Stock
SKU not found,In Stock
SKU not found,In Stock
SKU not found,In Stock
SKU not found,In Stock
SKU not found,In Stock
SKU not found,In Stock
SKU not found,In Stock
SKU not found,In Stock
SKU not found,In Stock
SKU not found,In Stock
SKU not found,In Stock
SKU not found,In Stock
SKU not found,In Stock
SKU not found,In Stock
SKU not found,In Stock
SKU not found,In Stock
SKU not found,In Stock
SKU not found,In Stock
SKU not found,In Stock
SKU not found,In Stock
SKU not found,In Stock
SKU not found,In Stock
SKU not found,In Stock
SKU not found,In Stock
SKU not found,In Stock
SKU not found,In Stock
SKU not found,In Stock
SKU not found,In Stock
SKU not found,In Stock
SKU not found,In Stock
SKU not found,In Stock
SKU not found,In Stock
SKU not found,In Stock
SKU not found,In Stock
SKU not found,In Stock
SKU not found,In Stock
SKU not found,In Stock
SKU not found,In Stock
SKU not found,In Stock
SKU not found,In Stock
SKU not found,In Stock
SKU not found,In Stock
SKU not found,In Stock
SKU not found,In Stock
SKU not found,In Stock
SKU not found,In Stock
SKU not found,In Stock
SKU not found,In Stock
SKU not found,In Stock
SKU not found,In Stock
SKU not found,In Stock
SKU not found,In Stock
SKU not found,In Stock
SKU not found,In Stock
SKU not found,In Stock
SKU not found,In Stock
SKU not found,In Stock
SKU not found,In Stock
SKU not found,In Stock
SKU not found,In Stock
SKU not found,In Stock
SKU not found,In Stock
SKU not found,In Stock
SKU not found,In Stock
SKU not found,In Stock
SKU not found,In Stock
SKU not found,In Stock
SKU not found,In Stock
SKU not found,In Stock
SKU not found,In Stock
SKU not found,In Stock
SKU not found,In Stock
SKU not found,In Stock
SKU not found,In Stock
SKU not found,In Stock
SKU not found,In Stock
SKU not found,In Stock
SKU not found,In Stock
SKU not found,In Stock
SKU not found,In Stock
SKU not found,In Stock
SKU not found,In Stock
SKU not found,In Stock
SKU not found,In Stock
SKU not found,In Stock
SKU not found,In Stock
SKU not found,In Stock
SKU not found,In Stock
SKU not found,In Stock
SKU not found,In Stock
SKU not found,In Stock
SKU not found,In Stock
SKU not found,In Stock
SKU not found,In Stock
SKU not found,In Stock
SKU not found,In Stock
SKU not found,In Stock
SKU not found,In Stock
SKU not found,In Stock
SKU not found,In Stock
SKU not found,In Stock
SKU not found,In Stock
SKU not found,In Stock
SKU not found,In Stock
SKU not found,In Stock
SKU not found,In Stock
SKU not found,In Stock
SKU not found,In Stock
SKU not found,In Stock
SKU not found,In Stock
SKU not found,In Stock
SKU not found,In Stock
SKU not found,In Stock
SKU not found,In Stock
SKU not found,In Stock
SKU not found,In Stock
SKU not found,In Stock
SKU not found,In Stock
SKU not found,In Stock
SKU not found,In Stock
SKU not found,In Stock
SKU not found,In Stock
SKU not found,In Stock
SKU not found,In Stock
SKU not found,In Stock
SKU not found,In Stock
SKU not found,In Stock
SKU not found,In Stock
SKU not found,In Stock
SKU not found,In Stock
SKU not found,In Stock
SKU not found,In Stock
SKU not found,In Stock
SKU not found,In Stock
SKU not found,In Stock
SKU not found,In Stock
SKU not found,In Stock
SKU not found,In Stock
SKU not found,In Stock
SKU not found,In Stock
SKU not found,In Stock
SKU not found,In Stock
SKU not found,In Stock
SKU not found,In Stock
SKU not found,In Stock
SKU not found,In Stock
SKU not found,In Stock
SKU not found,In Stock
SKU not found,In Stock
SKU not found,In Stock
SKU not found,In Stock
SKU not found,In Stock
SKU not found,In Stock
SKU not found,In Stock
SKU not found,In Stock
SKU not found,In Stock
SKU not found,In Stock
SKU not found,In Stock
SKU not found,In Stock
SKU not found,In Stock
SKU not found,In Stock
SKU not found,In Stock
SKU not found,In Stock
SKU not found,In Stock
SKU not found,In Stock
SKU not found,In Stock
SKU not found,In Stock
SKU not found,In Stock
SKU not found,In Stock
SKU not found,In Stock
SKU not found,In Stock
SKU not found,In Stock
SKU not found,In Stock
SKU not found,In Stock
SKU not found,In Stock
SKU not found,In Stock
SKU not found,In Stock
SKU not found,In Stock
SKU not found,In Stock
SKU not found,In Stock
SKU not found,In Stock
SKU not found,In Stock
SKU not found,In Stock
SKU not found,In Stock
SKU not found,In Stock
SKU not found,In Stock
SKU not found,In Stock
SKU not found,In Stock
SKU not found,In Stock
SKU not found,In Stock
SKU not found,In Stock
SKU not found,In Stock
SKU not found,In Stock
SKU not found,In Stock
SKU not found,In Stock
SKU not found,In Stock
SKU not found,In Stock
SKU not found,In Stock
SKU not found,In Stock
SKU not found,In Stock
SKU not found,In Stock
SKU not found,In Stock
SKU not found,In Stock
SKU not found,In Stock
SKU not found,In Stock
SKU not found,In Stock
SKU not found,In Stock
SKU not found,In Stock
SKU not found,In Stock
SKU not found,In Stock
SKU not found,In Stock
SKU not found,In Stock
SKU not found,In Stock
SKU not found,In Stock
SKU not found,In Stock
SKU not found,In Stock
SKU not found,In Stock
SKU not found,In Stock
SKU not found,In Stock
SKU not found,In Stock
SKU not found,In Stock
SKU not found,In Stock
SKU not found,In Stock
SKU not found,In Stock
SKU not found,In Stock
SKU not found,In Stock
SKU not found,In Stock
SKU not found,In Stock
SKU not found,In Stock
SKU not found,In Stock
SKU not found,In Stock
SKU not found,In Stock
SKU not found,In Stock
SKU not found,In Stock
SKU not found,In Stock
SKU not found,In Stock
SKU not found,In Stock
SKU not found,In Stock
SKU not found,In Stock
SKU not found,In Stock
SKU not found,In Stock
SKU not found,In Stock
SKU not found,In Stock
SKU not found,In Stock
SKU not found,In Stock
SKU not found,In Stock
SKU not found,In Stock
SKU not found,In Stock
SKU not found,In Stock
SKU not found,In Stock
SKU not found,In Stock
SKU not found,In Stock
SKU not found,In Stock
SKU not found,In Stock
SKU not found,In Stock
SKU not found,In Stock
SKU not found,In Stock
SKU not found,In Stock
SKU not found,In Stock
SKU not found,In Stock
SKU not found,In Stock
SKU not found,In Stock
SKU not found,In Stock
SKU not found,In Stock
SKU not found,In Stock
SKU not found,In Stock
SKU not found,In Stock
SKU not found,In Stock
SKU not found,In Stock
SKU not found,In Stock
SKU not found,In Stock
SKU not found,In Stock
SKU not found,In Stock
SKU not found,In Stock
SKU not found,In Stock
SKU not found,In Stock
SKU not found,In Stock
SKU not found,In Stock
SKU not found,In Stock
SKU not found,In Stock
SKU not found,In Stock
SKU not found,In Stock
SKU not found,In Stock
SKU not found,In Stock
SKU not found,In Stock
SKU not found,In Stock
SKU not found,In Stock
SKU not found,In Stock
SKU not found,In Stock
SKU not found,In Stock
SKU not found,In Stock
SKU not found,In Stock
SKU not found,In Stock
SKU not found,In Stock
SKU not found,In Stock
SKU not found,In Stock
SKU not found,In Stock
SKU not found,In Stock
SKU not found,In Stock
SKU not found,In Stock
SKU not found,In Stock
SKU not found,In Stock
SKU not found,In Stock
SKU not found,In Stock
SKU not found,In Stock
SKU not found,In Stock
SKU not found,In Stock
SKU not found,In Stock
SKU not found,In Stock
SKU not found,In Stock
SKU not found,In Stock
SKU not found,In Stock
SKU not found,In Stock
SKU not found,In Stock
SKU not found,In Stock
SKU not found,In Stock
SKU not found,In Stock
SKU not found,In Stock
SKU not found,In Stock
SKU not found,In Stock
SKU not found,In Stock
SKU not found,In Stock
SKU not found,In Stock
SKU not found,In Stock
SKU not found,In Stock
SKU not found,In Stock
SKU not found,In Stock
SKU not found,In Stock
SKU not found,In Stock
SKU not found,In Stock
SKU not found,In Stock
SKU not found,In Stock
SKU not found,In Stock
SKU not found,In Stock
SKU not found,In Stock
SKU not found,In Stock
SKU not found,In Stock
SKU not found,In Stock
SKU not found,In Stock
SKU not found,In Stock
SKU not found,In Stock
SKU not found,In Stock
SKU not found,In Stock
SKU not found,In Stock
SKU not found,In Stock
SKU not found,In Stock
SKU not found,In Stock
SKU not found,In Stock
SKU not found,In Stock
SKU not found,In Stock
SKU not found,In Stock
SKU not found,In Stock
SKU not found,In Stock
SKU not found,In Stock
SKU not found,In Stock
SKU not found,In Stock
SKU not found,In Stock
SKU not found,In Stock
SKU not found,In Stock
SKU not found,In Stock
SKU not found,In Stock
SKU not found,In Stock
SKU not found,In Stock
SKU not found,In Stock
SKU not found,In Stock
SKU not found,In Stock
SKU not found,In Stock
SKU not found,In Stock
SKU not found,In Stock
SKU not found,In Stock
SKU not found,In Stock
SKU not found,In Stock
SKU not found,In Stock
SKU not found,In Stock
SKU not found,In Stock
SKU not found,In Stock
SKU not found,In Stock
SKU not found,In Stock
SKU not found,In Stock
SKU not found,In Stock
SKU not found,In Stock
SKU not found,In Stock
SKU not found,In Stock
SKU not found,In Stock
SKU not found,In Stock
SKU not found,In Stock
SKU not found,In Stock
SKU not found,In Stock
SKU not found,In Stock
SKU not found,In Stock
SKU not found,In Stock
SKU not found,In Stock
SKU not found,In Stock
SKU not found,In Stock
SKU not found,In Stock
SKU not found,In Stock
SKU not found,In Stock
SKU not found,In Stock
SKU not found,In Stock
SKU not found,In Stock
SKU not found,In Stock
SKU not found,In Stock
SKU not found,In Stock
SKU not found,In Stock
SKU not found,In Stock
SKU not found,In Stock
SKU not found,In Stock
SKU not found,In Stock
SKU not found,In Stock
SKU not found,In Stock
SKU not found,In Stock
SKU not found,In Stock
SKU not found,In Stock
SKU not found,In Stock
SKU not found,In Stock
SKU not found,In Stock
SKU not found,In Stock
SKU not found,In Stock
SKU not found,In Stock
SKU not found,In Stock
SKU not found,In Stock
SKU not found,In Stock
SKU not found,In Stock
SKU not found,In Stock
SKU not found,In Stock
SKU not found,In Stock
SKU not found,In Stock
SKU not found,In Stock
SKU not found,In Stock
SKU not found,In Stock
SKU not found,In Stock
SKU not found,In Stock
SKU not found,In Stock
SKU not found,In Stock
SKU not found,In Stock
SKU not found,In Stock
SKU not found,In Stock
SKU not found,In Stock
SKU not found,In Stock
SKU not found,In Stock
SKU not found,In Stock
SKU not found,In Stock
SKU not found,In Stock
SKU not found,In Stock
SKU not found,In Stock
SKU not found,In Stock
SKU not found,In Stock
SKU not found,In Stock
SKU not found,In Stock
SKU not found,In Stock
SKU not found,In Stock
SKU not found,In Stock
SKU not found,In Stock
SKU not found,In Stock
SKU not found,In Stock
SKU not found,In Stock
SKU not found,In Stock
SKU not found,In Stock
SKU not found,In Stock
SKU not found,In Stock
SKU not found,In Stock
SKU not found,In Stock
SKU not found,In Stock
SKU not found,In Stock
SKU not found,In Stock
SKU not found,In Stock
SKU not found,In Stock
SKU not found,In Stock
SKU not found,In Stock
SKU not found,In Stock
SKU not found,In Stock
SKU not found,In Stock
SKU not found,In Stock
SKU not found,In Stock
SKU not found,In Stock
SKU not found,In Stock
SKU not found,In Stock
SKU not found,In Stock
SKU not found,In Stock
SKU not found,In Stock
SKU not found,In Stock
SKU not found,In Stock
SKU not found,In Stock
SKU not found,In Stock
SKU not found,In Stock
SKU not found,In Stock
SKU not found,In Stock
SKU not found,In Stock
SKU not found,In Stock
SKU not found,In Stock
SKU not found,In Stock
SKU not found,In Stock
SKU not found,In Stock
SKU not found,In Stock
SKU not found,In Stock
SKU not found,In Stock
SKU not found,In Stock
SKU not found,In Stock
SKU not found,In Stock
SKU not found,In Stock
SKU not found,In Stock
SKU not found,In Stock
SKU not found,In Stock
SKU not found,In Stock
SKU not found,In Stock
SKU not found,In Stock
SKU not found,In Stock
SKU not found,In Stock
SKU not found,In Stock
SKU not found,In Stock
SKU not found,In Stock
SKU not found,In Stock
SKU not found,In Stock
SKU not found,In Stock
SKU not found,In Stock
SKU not found,In Stock
SKU not found,In Stock
SKU not found,In Stock
SKU not found,In Stock
SKU not found,In Stock
SKU not found,In Stock
SKU not found,In Stock
SKU not found,In Stock
SKU not found,In Stock
SKU not found,In Stock
SKU not found,In Stock
SKU not found,In Stock
SKU not found,In Stock
SKU not found,In Stock
SKU not found,In Stock
SKU not found,In Stock
SKU not found,In Stock
SKU not found,In Stock
SKU not found,In Stock
SKU not found,In Stock
SKU not found,In Stock
SKU not found,In Stock
SKU not found,In Stock
SKU not found,In Stock
SKU not found,In Stock
SKU not found,In Stock
SKU not found,In Stock
SKU not found,In Stock
SKU not found,In Stock
SKU not found,In Stock
SKU not found,In Stock
SKU not found,In Stock
SKU not found,In Stock
SKU not found,In Stock
SKU not found,In Stock
SKU not found,In Stock
SKU not found,In Stock
SKU not found,In Stock
SKU not found,In Stock
SKU not found,In Stock
SKU not found,In Stock
SKU not found,In Stock
SKU not found,In Stock
SKU not found,In Stock
SKU not found,In Stock
SKU not found,In Stock
SKU not found,In Stock
SKU not found,In Stock
SKU not found,In Stock
SKU not found,In Stock
SKU not found,In Stock
SKU not found,In Stock
SKU not found,In Stock
SKU not found,In Stock
SKU not found,In Stock
SKU not found,In Stock
SKU not found,In Stock
SKU not found,In Stock
SKU not found,In Stock
SKU not found,In Stock
SKU not found,In Stock
SKU not found,In Stock
SKU not found,In Stock
SKU not found,In Stock
SKU not found,In Stock
SKU not found,In Stock
SKU not found,In Stock
SKU not found,In Stock
SKU not found,In Stock
SKU not found,In Stock
SKU not found,In Stock
SKU not found,In Stock
SKU not found,In Stock
SKU not found,In Stock
SKU not found,In Stock
SKU not found,In Stock
SKU not found,In Stock
SKU not found,In Stock
SKU not found,In Stock
SKU not found,In Stock
SKU not found,In Stock
SKU not found,In Stock
SKU not found,In Stock
SKU not found,In Stock
SKU not found,In Stock
SKU not found,In Stock
SKU not found,In Stock
SKU not found,In Stock
SKU not found,In Stock
SKU not found,In Stock
SKU not found,In Stock
SKU not found,In Stock
SKU not found,In Stock
SKU not found,In Stock
SKU not found,In Stock
SKU not found,In Stock
SKU not found,In Stock
SKU not found,In Stock
SKU not found,In Stock
SKU not found,In Stock
SKU not found,In Stock
SKU not found,In Stock
SKU not found,In Stock
SKU not found,In Stock
SKU not found,In Stock
SKU not found,In Stock
SKU not found,In Stock
SKU not found,In Stock
SKU not found,In Stock
SKU not found,In Stock
SKU not found,In Stock
SKU not found,In Stock
SKU not found,In Stock
SKU not found,In Stock
SKU not found,In Stock
SKU not found,In Stock
SKU not found,In Stock
SKU not found,In Stock
SKU not found,In Stock
SKU not found,In Stock
SKU not found,In Stock
SKU not found,In Stock
SKU not found,In Stock
SKU not found,In Stock
SKU not found,In Stock
SKU not found,In Stock
SKU not found,In Stock
SKU not found,In Stock
SKU not found,In Stock
SKU not found,In Stock
SKU not found,In Stock
SKU not found,In Stock
SKU not found,In Stock
SKU not found,In Stock
SKU not found,In Stock
SKU not found,In Stock
SKU not found,In Stock
SKU not found,In Stock
SKU not found,In Stock
SKU not found,In Stock
SKU not found,In Stock
SKU not found,In Stock
SKU not found,In Stock
SKU not found,In Stock
SKU not found,In Stock
SKU not found,In Stock
SKU not found,In Stock
SKU not found,In Stock
SKU not found,In Stock
SKU not found,In Stock
SKU not found,In Stock
SKU not found,In Stock
SKU not found,In Stock
SKU not found,In Stock
SKU not found,In Stock
SKU not found,In Stock
SKU not found,In Stock
SKU not found,In Stock
SKU not found,In Stock
SKU not found,In Stock
SKU not found,In Stock
SKU not found,In Stock
SKU not found,In Stock
SKU not found,In Stock
SKU not found,In Stock
SKU not found,In Stock
SKU not found,In Stock
SKU not found,In Stock
SKU not found,In Stock
SKU not found,In Stock
SKU not found,In Stock
SKU not found,In Stock
SKU not found,In Stock
SKU not found,In Stock
SKU not found,In Stock
SKU not found,In Stock
SKU not found,In Stock
SKU not found,In Stock
SKU not found,In Stock
SKU not found,In Stock
SKU not found,In Stock
SKU not found,In Stock
SKU not found,In Stock
SKU not found,In Stock
SKU not found,In Stock
SKU not found,In Stock
SKU not found,In Stock
SKU not found,In Stock
SKU not found,In Stock
SKU not found,In Stock
SKU not found,In Stock
SKU not found,In Stock
SKU not found,In Stock
SKU not found,In Stock
SKU not found,In Stock
SKU not found,In Stock
SKU not found,In Stock
SKU not found,In Stock
SKU not found,In Stock
SKU not found,In Stock
SKU not found,In Stock
SKU not found,In Stock
SKU not found,In Stock
SKU not found,In Stock
SKU not found,In Stock
SKU not found,In Stock
SKU not found,In Stock
SKU not found,In Stock
SKU not found,In Stock
SKU not found,In Stock
SKU not found,In Stock
SKU not found,In Stock
SKU not found,In Stock
SKU not found,In Stock
SKU not found,In Stock
SKU not found,In Stock
SKU not found,In Stock
SKU not found,In Stock
SKU not found,In Stock
SKU not found,In Stock
SKU not found,In Stock
SKU not found,In Stock
SKU not found,In Stock
SKU not found,In Stock
SKU not found,In Stock
SKU not found,In Stock
SKU not found,In Stock
SKU not found,In Stock
SKU not found,In Stock
SKU not found,In Stock
SKU not found,In Stock
SKU not found,In Stock
SKU not found,In Stock
SKU not found,In Stock
SKU not found,In Stock
SKU not found,In Stock
SKU not found,In Stock
SKU not found,In Stock
SKU not found,In Stock
SKU not found,In Stock
SKU not found,In Stock
SKU not found,In Stock
SKU not found,In Stock
SKU not found,In Stock
SKU not found,In Stock
SKU not found,In Stock
SKU not found,In Stock
SKU not found,In Stock
SKU not found,In Stock
SKU not found,In Stock
SKU not found,In Stock
SKU not found,In Stock
SKU not found,In Stock
SKU not found,In Stock
SKU not found,In Stock
SKU not found,In Stock
SKU not found,In Stock
SKU not found,In Stock
SKU not found,In Stock
SKU not found,In Stock
SKU not found,In Stock
SKU not found,In Stock
SKU not found,In Stock
SKU not found,In Stock
SKU not found,In Stock
SKU not found,In Stock
SKU not found,In Stock
SKU not found,In Stock
SKU not found,In Stock
SKU not found,In Stock
SKU not found,In Stock
SKU not found,In Stock
SKU not found,In Stock
SKU not found,In Stock
SKU not found,In Stock
SKU not found,In Stock
SKU not found,In Stock
SKU not found,In Stock
SKU not found,In Stock
SKU not found,In Stock
SKU not found,In Stock
SKU not found,In Stock
SKU not found,In Stock
SKU not found,In Stock
SKU not found,In Stock
SKU not found,In Stock
SKU not found,In Stock
SKU not found,In Stock
SKU not found,In Stock
SKU not found,In Stock
SKU not found,In Stock
SKU not found,In Stock
SKU not found,In Stock
SKU not found,In Stock
SKU not found,In Stock
SKU not found,In Stock
SKU not found,In Stock
SKU not found,In Stock
SKU not found,In Stock
SKU not found,In Stock
SKU not found,In Stock
SKU not found,In Stock
SKU not found,In Stock
SKU not found,In Stock
SKU not found,In Stock
SKU not found,In Stock
SKU not found,In Stock
SKU not found,In Stock
SKU not found,In Stock
SKU not found,In Stock
SKU not found,In Stock
SKU not found,In Stock
SKU not found,In Stock
SKU not found,In Stock
SKU not found,In Stock
SKU not found,In Stock
SKU not found,In Stock
SKU not found,In Stock
SKU not found,In Stock
SKU not found,In Stock
SKU not found,In Stock
SKU not found,In Stock
SKU not found,In Stock
SKU not found,In Stock
SKU not found,In Stock
SKU not found,In Stock
SKU not found,In Stock
SKU not found,In Stock
SKU not found,In Stock
SKU not found,In Stock
SKU not found,In Stock
SKU not found,In Stock
SKU not found,In Stock
SKU not found,In Stock
SKU not found,In Stock
SKU not found,In Stock
SKU not found,In Stock
SKU not found,In Stock
SKU not found,In Stock
SKU not found,In Stock
SKU not found,In Stock
SKU not found,In Stock
SKU not found,In Stock
SKU not found,In Stock
SKU not found,In Stock
SKU not found,In Stock
SKU not found,In Stock
SKU not found,In Stock
SKU not found,In Stock
SKU not found,In Stock
SKU not found,In Stock
SKU not found,In Stock
SKU not found,In Stock
SKU not found,In Stock
SKU not found,In Stock
SKU not found,In Stock
SKU not found,In Stock
SKU not found,In Stock
SKU not found,In Stock
SKU not found,In Stock
SKU not found,In Stock
SKU not found,In Stock
SKU not found,In Stock
SKU not found,In Stock
SKU not found,In Stock
SKU not found,In Stock
SKU not found,In Stock
SKU not found,In Stock
SKU not found,In Stock
SKU not found,In Stock
SKU not found,In Stock
SKU not found,In Stock
SKU not found,In Stock
SKU not found,In Stock
SKU not found,In Stock
SKU not found,In Stock
SKU not found,In Stock
SKU not found,In Stock
SKU not found,In Stock
SKU not found,In Stock
SKU not found,In Stock
SKU not found,In Stock
SKU not found,In Stock
SKU not found,In Stock
SKU not found,In Stock
SKU not found,In Stock
SKU not found,In Stock
SKU not found,In Stock
SKU not found,In Stock
SKU not found,In Stock
SKU not found,In Stock
SKU not found,In Stock
SKU not found,In Stock
SKU not found,In Stock
SKU not found,In Stock
SKU not found,In Stock
SKU not found,In Stock
SKU not found,In Stock
SKU not found,In Stock
SKU not found,In Stock
SKU not found,In Stock
SKU not found,In Stock
SKU not found,In Stock
SKU not found,In Stock
SKU not found,In Stock
SKU not found,In Stock
SKU not found,In Stock
SKU not found,In Stock
SKU not found,In Stock
SKU not found,In Stock
SKU not found,In Stock
SKU not found,In Stock
SKU not found,In Stock
SKU not found,In Stock
SKU not found,In Stock
SKU not found,In Stock
SKU not found,In Stock
SKU not found,In Stock
SKU not found,In Stock
SKU not found,In Stock
SKU not found,In Stock
SKU not found,In Stock
SKU not found,In Stock
SKU not found,In Stock
SKU not found,In Stock
SKU not found,In Stock
SKU not found,In Stock
SKU not found,In Stock
SKU not found,In Stock
SKU not found,In Stock
SKU not found,In Stock
SKU not found,In Stock
SKU not found,In Stock
SKU not found,In Stock
SKU not found,In Stock
SKU not found,In Stock
SKU not found,In Stock
SKU not found,In Stock
SKU not found,In Stock
SKU not found,In Stock
SKU not found,In Stock
SKU not found,In Stock
SKU not found,In Stock
SKU not found,In Stock
SKU not found,In Stock
SKU not found,In Stock
SKU not found,In Stock
SKU not found,In Stock
SKU not found,In Stock
SKU not found,In Stock
SKU not found,In Stock
SKU not found,In Stock
SKU not found,In Stock
SKU not found,In Stock
SKU not found,In Stock
SKU not found,In Stock
SKU not found,In Stock
SKU not found,In Stock
SKU not found,In Stock
SKU not found,In Stock
SKU not found,In Stock
SKU not found,In Stock
SKU not found,In Stock
SKU not found,In Stock
SKU not found,In Stock
SKU not found,In Stock
SKU not found,In Stock
SKU not found,In Stock
SKU not found,In Stock
SKU not found,In Stock
SKU not found,In Stock
SKU not found,In Stock
SKU not found,In Stock
SKU not found,In Stock
SKU not found,In Stock
SKU not found,In Stock
SKU not found,In Stock
SKU not found,In Stock
SKU not found,In Stock
SKU not found,In Stock
SKU not found,In Stock
SKU not found,In Stock
SKU not found,In Stock
SKU not found,In Stock
SKU not found,In Stock
SKU not found,In Stock
SKU not found,In Stock
SKU not found,In Stock
SKU not found,In Stock
SKU not found,In Stock
SKU not found,In Stock
SKU not found,In Stock
SKU not found,In Stock
SKU not found,In Stock
SKU not found,In Stock
SKU not found,In Stock
SKU not found,In Stock
SKU not found,In Stock
SKU not found,In Stock
SKU not found,In Stock
SKU not found,In Stock
SKU not found,In Stock
SKU not found,In Stock
SKU not found,In Stock
SKU not found,In Stock
SKU not found,In Stock
SKU not found,In Stock
SKU not found,In Stock
SKU not found,In Stock
SKU not found,In Stock
SKU not found,In Stock
SKU not found,In Stock
SKU not found,In Stock
SKU not found,In Stock
SKU not found,In Stock
SKU not found,In Stock
SKU not found,In Stock
SKU not found,In Stock
SKU not found,In Stock
SKU not found,In Stock
SKU not found,In Stock
SKU not found,In Stock
SKU not found,In Stock
SKU not found,In Stock
SKU not found,In Stock
SKU not found,In Stock
SKU not found,In Stock
SKU not found,In Stock
SKU not found,In Stock
SKU not found,In Stock
SKU not found,In Stock
SKU not found,In Stock
SKU not found,In Stock
SKU not found,In Stock
SKU not found,In Stock
SKU not found,In Stock
SKU not found,In Stock
SKU not found,In Stock
SKU not found,In Stock
SKU not found,In Stock
SKU not found,In Stock
SKU not found,In Stock
SKU not found,In Stock
SKU not found,In Stock
SKU not found,In Stock
SKU not found,In Stock
SKU not found,In Stock
SKU not found,In Stock
SKU not found,In Stock
SKU not found,In Stock
SKU not found,In Stock
SKU not found,In Stock
SKU not found,In Stock
SKU not found,In Stock
SKU not found,In Stock
SKU not found,In Stock
SKU not found,In Stock
SKU not found,In Stock
SKU not found,In Stock
SKU not found,In Stock
SKU not found,In Stock
SKU not found,In Stock
SKU not found,In Stock
SKU not found,In Stock
SKU not found,In Stock
SKU not found,In Stock
SKU not found,In Stock
SKU not found,In Stock
SKU not found,In Stock
SKU not found,In Stock
SKU not found,In Stock
SKU not found,In Stock
SKU not found,In Stock
SKU not found,In Stock
SKU not found,In Stock
SKU not found,In Stock
SKU not found,In Stock
SKU not found,In Stock
SKU not found,In Stock
SKU not found,In Stock
SKU not found,In Stock
SKU not found,In Stock
SKU not found,In Stock
SKU not found,In Stock
SKU not found,In Stock
SKU not found,In Stock
SKU not found,In Stock
SKU not found,In Stock
SKU not found,In Stock
SKU not found,In Stock
SKU not found,In Stock
SKU not found,In Stock
SKU not found,In Stock
SKU not found,In Stock
SKU not found,In Stock
SKU not found,In Stock
SKU not found,In Stock
SKU not found,In Stock
SKU not found,In Stock
SKU not found,In Stock
SKU not found,In Stock
SKU not found,In Stock
SKU not found,In Stock
SKU not found,In Stock
SKU not found,In Stock
SKU not found,In Stock
SKU not found,In Stock
SKU not found,In Stock
SKU not found,In Stock
SKU not found,In Stock
SKU not found,In Stock
SKU not found,In Stock
SKU not found,In Stock
SKU not found,In Stock
SKU not found,In Stock
SKU not found,In Stock
SKU not found,In Stock
SKU not found,In Stock
SKU not found,In Stock
SKU not found,In Stock
SKU not found,In Stock
SKU not found,In Stock
SKU not found,In Stock
SKU not found,In Stock
SKU not found,In Stock
SKU not found,In Stock
SKU not found,In Stock
SKU not found,In Stock
SKU not found,In Stock
SKU not found,In Stock
SKU not found,In Stock
SKU not found,In Stock
SKU not found,In Stock
SKU not found,In Stock
SKU not found,In Stock
SKU not found,In Stock
SKU not found,In Stock
SKU not found,In Stock
SKU not found,In Stock
SKU not found,In Stock
SKU not found,In Stock
SKU not found,In Stock
SKU not found,In Stock
SKU not found,In Stock
SKU not found,In Stock
SKU not found,In Stock
SKU not found,In Stock
SKU not found,In Stock
SKU not found,In Stock
SKU not found,In Stock
SKU not found,In Stock
SKU not found,In Stock
SKU not found,In Stock
SKU not found,In Stock
SKU not found,In Stock
SKU not found,In Stock
SKU not found,In Stock
SKU not found,In Stock
SKU not found,In Stock
SKU not found,In Stock
SKU not found,In Stock
SKU not found,In Stock
SKU not found,In Stock
SKU not found,In Stock
SKU not found,In Stock
SKU not found,In Stock
SKU not found,In Stock
SKU not found,In Stock
SKU not found,In Stock
SKU not found,In Stock
SKU not found,In Stock
SKU not found,In Stock
SKU not found,In Stock
SKU not found,In Stock
SKU not found,In Stock
SKU not found,In Stock
SKU not found,In Stock
SKU not found,In Stock
SKU not found,In Stock
SKU not found,In Stock
SKU not found,In Stock
SKU not found,In Stock
SKU not found,In Stock
SKU not found,In Stock
SKU not found,In Stock
SKU not found,In Stock
SKU not found,In Stock
SKU not found,In Stock
SKU not found,In Stock
SKU not found,In Stock
SKU not found,In Stock
SKU not found,In Stock
SKU not found,In Stock
SKU not found,In Stock
SKU not found,In Stock
SKU not found,In Stock
SKU not found,In Stock
SKU not found,In Stock
SKU not found,In Stock
SKU not found,In Stock
SKU not found,In Stock
SKU not found,In Stock
SKU not found,In Stock
SKU not found,In Stock
SKU not found,In Stock
SKU not found,In Stock
SKU not found,In Stock
SKU not found,In Stock
SKU not found,In Stock
SKU not found,In Stock
SKU not found,In Stock
SKU not found,In Stock
SKU not found,In Stock
SKU not found,In Stock
SKU not found,In Stock
SKU not found,In Stock
SKU not found,In Stock
SKU not found,In Stock
SKU not found,In Stock
SKU not found,In Stock
SKU not found,In Stock
SKU not found,In Stock
SKU not found,In Stock
SKU not found,In Stock
SKU not found,In Stock
SKU not found,In Stock
SKU not found,In Stock
SKU not found,In Stock
SKU not found,In Stock
SKU not found,In Stock
SKU not found,In Stock
SKU not found,In Stock
SKU not found,In Stock
SKU not found,In Stock
SKU not found,In Stock
SKU not found,In Stock
SKU not found,In Stock
SKU not found,In Stock
SKU not found,In Stock
SKU not found,In Stock
SKU not found,In Stock
SKU not found,In Stock
SKU not found,In Stock
SKU not found,In Stock
SKU not found,In Stock
SKU not found,In Stock
SKU not found,In Stock
SKU not found,In Stock
SKU not found,In Stock
SKU not found,In Stock
SKU not found,In Stock
SKU not found,In Stock
SKU not found,In Stock
SKU not found,In Stock
SKU not found,In Stock
SKU not found,In Stock
SKU not found,In Stock
SKU not found,In Stock
SKU not found,In Stock
SKU not found,In Stock
SKU not found,In Stock
SKU not found,In Stock
SKU not found,In Stock
SKU not found,In Stock
SKU not found,In Stock
SKU not found,In Stock
SKU not found,In Stock
SKU not found,In Stock
SKU not found,In Stock
SKU not found,In Stock
SKU not found,In Stock
SKU not found,In Stock
SKU not found,In Stock
SKU not found,In Stock
SKU not found,In Stock
SKU not found,In Stock
SKU not found,In Stock
SKU not found,In Stock
SKU not found,In Stock
SKU not found,In Stock
SKU not found,In Stock
SKU not found,In Stock
SKU not found,In Stock
SKU not found,In Stock
SKU not found,In Stock
SKU not found,In Stock
SKU not found,In Stock
SKU not found,In Stock
SKU not found,In Stock
SKU not found,In Stock
SKU not found,In Stock
SKU not found,In Stock
SKU not found,In Stock
SKU not found,In Stock
SKU not found,In Stock
SKU not found,In Stock
SKU not found,In Stock
SKU not found,In Stock
SKU not found,In Stock
SKU not found,In Stock
SKU not found,In Stock
SKU not found,In Stock
SKU not found,In Stock
SKU not found,In Stock
SKU not found,In Stock
SKU not found,In Stock
SKU not found,In Stock
SKU not found,In Stock
SKU not found,In Stock
SKU not found,In Stock
SKU not found,In Stock
SKU not found,In Stock
SKU not found,In Stock
SKU not found,In Stock
SKU not found,In Stock
SKU not found,In Stock
SKU not found,In Stock
SKU not found,In Stock
SKU not found,In Stock
SKU not found,In Stock
SKU not found,In Stock
SKU not found,In Stock
SKU not found,In Stock
SKU not found,In Stock
SKU not found,In Stock
SKU not found,In Stock
SKU not found,In Stock
SKU not found,In Stock
SKU not found,In Stock
SKU not found,In Stock
SKU not found,In Stock
SKU not found,In Stock
SKU not found,In Stock
SKU not found,In Stock
SKU not found,In Stock
SKU not found,In Stock
SKU not found,In Stock
SKU not found,In Stock
SKU not found,In Stock
SKU not found,In Stock
SKU not found,In Stock
SKU not found,In Stock
SKU not found,In Stock
SKU not found,In Stock
SKU not found,In Stock
SKU not found,In Stock
SKU not found,In Stock
SKU not found,In Stock
SKU not found,In Stock
SKU not found,In Stock
SKU not found,In Stock
SKU not found,In Stock
SKU not found,In Stock
SKU not found,In Stock
SKU not found,In Stock
SKU not found,In Stock
SKU not found,In Stock
SKU not found,In Stock
SKU not found,In Stock
SKU not found,In Stock
SKU not found,In Stock
SKU not found,In Stock
SKU not found,In Stock
SKU not found,In Stock
SKU not found,In Stock
SKU not found,In Stock
SKU not found,In Stock
SKU not found,In Stock
SKU not found,In Stock
SKU not found,In Stock
SKU not found,In Stock
SKU not found,In Stock
SKU not found,In Stock
SKU not found,In Stock
SKU not found,In Stock
SKU not found,In Stock
SKU not found,In Stock
SKU not found,In Stock
SKU not found,In Stock
SKU not found,In Stock
SKU not found,In Stock
SKU not found,In Stock
SKU not found,In Stock
SKU not found,In Stock
SKU not found,In Stock
SKU not found,In Stock
SKU not found,In Stock
SKU not found,In Stock
SKU not found,In Stock
SKU not found,In Stock
SKU not found,In Stock
SKU not found,In Stock
SKU not found,In Stock
SKU not found,In Stock
SKU not found,In Stock
SKU not found,In Stock
SKU not found,In Stock
SKU not found,In Stock
SKU not found,In Stock
SKU not found,In Stock
SKU not found,In Stock
SKU not found,In Stock
SKU not found,In Stock
SKU not found,In Stock
SKU not found,In Stock
SKU not found,In Stock
SKU not found,In Stock
SKU not found,In Stock
SKU not found,In Stock
SKU not found,In Stock
SKU not found,In Stock
SKU not found,In Stock
SKU not found,In Stock
SKU not found,In Stock
SKU not found,In Stock
SKU not found,In Stock
SKU not found,In Stock
SKU not found,In Stock
SKU not found,In Stock
SKU not found,In Stock
SKU not found,In Stock
SKU not found,In Stock
SKU not found,In Stock
SKU not found,In Stock
SKU not found,In Stock
SKU not found,In Stock
SKU not found,In Stock
SKU not found,In Stock
SKU not found,In Stock
SKU not found,In Stock
SKU not found,In Stock
SKU not found,In Stock
SKU not found,In Stock
SKU not found,In Stock
SKU not found,In Stock
SKU not found,In Stock
SKU not found,In Stock
SKU not found,In Stock
SKU not found,In Stock
SKU not found,In Stock
SKU not found,In Stock
SKU not found,In Stock
SKU not found,In Stock
SKU not found,In Stock
SKU not found,In Stock
SKU not found,In Stock
SKU not found,In Stock
SKU not found,In Stock
SKU not found,In Stock
SKU not found,In Stock
SKU not found,In Stock
SKU not found,In Stock
SKU not found,In Stock
SKU not found,In Stock
SKU not found,In Stock
SKU not found,In Stock
SKU not found,In Stock
SKU not found,In Stock
SKU not found,In Stock
SKU not found,In Stock
SKU not found,In Stock
SKU not found,In Stock
SKU not found,In Stock
SKU not found,In Stock
SKU not found,In Stock
SKU not found,In Stock
SKU not found,In Stock
SKU not found,In Stock
SKU not found,In Stock
SKU not found,In Stock
SKU not found,In Stock
SKU not found,In Stock
SKU not found,In Stock
SKU not found,In Stock
SKU not found,In Stock
SKU not found,In Stock
SKU not found,In Stock
SKU not found,In Stock
SKU not found,In Stock
SKU not found,In Stock
SKU not found,In Stock
SKU not found,In Stock
SKU not found,In Stock
SKU not found,In Stock
SKU not found,In Stock
SKU not found,In Stock
SKU not found,In Stock
SKU not found,In Stock
SKU not found,In Stock
SKU not found,In Stock
SKU not found,In Stock
SKU not found,In Stock
SKU not found,In Stock
SKU not found,In Stock
SKU not found,In Stock
SKU not found,In Stock
SKU not found,In Stock
SKU not found,In Stock
SKU not found,In Stock
SKU not found,In Stock
SKU not found,In Stock
SKU not found,In Stock
SKU not found,In Stock
SKU not found,In Stock
SKU not found,In Stock
SKU not found,In Stock
SKU not found,In Stock
SKU not found,In Stock
SKU not found,In Stock
SKU not found,In Stock
SKU not found,In Stock
SKU not found,In Stock
SKU not found,In Stock
SKU not found,In Stock
SKU not found,In Stock
SKU not found,In Stock
SKU not found,In Stock
SKU not found,In Stock
SKU not found,In Stock
SKU not found,In Stock
SKU not found,In Stock
SKU not found,In Stock
SKU not found,In Stock
SKU not found,In Stock
SKU not found,In Stock
SKU not found,In Stock
SKU not found,In Stock
SKU not found,In Stock
SKU not found,In Stock
SKU not found,In Stock
SKU not found,In Stock
SKU not found,In Stock
SKU not found,In Stock
SKU not found,In Stock
SKU not found,In Stock
SKU not found,In Stock
SKU not found,In Stock
SKU not found,In Stock
SKU not found,In Stock
SKU not found,In Stock
SKU not found,In Stock
SKU not found,In Stock
SKU not found,In Stock
SKU not found,In Stock
SKU not found,In Stock
SKU not found,In Stock
SKU not found,In Stock
SKU not found,In Stock
SKU not found,In Stock
SKU not found,In Stock
SKU not found,In Stock
SKU not found,In Stock
SKU not found,In Stock
SKU not found,In Stock
SKU not found,In Stock
SKU not found,In Stock
SKU not found,In Stock
SKU not found,In Stock
SKU not found,In Stock
SKU not found,In Stock
SKU not found,In Stock
SKU not found,In Stock
SKU not found,In Stock
SKU not found,In Stock
SKU not found,In Stock
SKU not found,In Stock
SKU not found,In Stock
SKU not found,In Stock
SKU not found,In Stock
SKU not found,In Stock
SKU not found,In Stock
SKU not found,In Stock
SKU not found,In Stock
SKU not found,In Stock
SKU not found,In Stock
SKU not found,In Stock
SKU not found,In Stock
SKU not found,In Stock
SKU not found,In Stock
SKU not found,In Stock
SKU not found,In Stock
SKU not found,In Stock
SKU not found,In Stock
SKU not found,In Stock
SKU not found,In Stock
SKU not found,In Stock
SKU not found,In Stock
SKU not found,In Stock
SKU not found,In Stock
SKU not found,In Stock
SKU not found,In Stock
SKU not found,In Stock
SKU not found,In Stock
SKU not found,In Stock
SKU not found,In Stock
SKU not found,In Stock
SKU not found,In Stock
SKU not found,In Stock
SKU not found,In Stock
SKU not found,In Stock
SKU not found,In Stock
SKU not found,In Stock
SKU not found,In Stock
SKU not found,In Stock
SKU not found,In Stock
SKU not found,In Stock
SKU not found,In Stock
SKU not found,In Stock
SKU not found,In Stock
SKU not found,In Stock
SKU not found,In Stock
SKU not found,In Stock
SKU not found,In Stock
SKU not found,In Stock
SKU not found,In Stock
SKU not found,In Stock
SKU not found,In Stock
SKU not found,In Stock
SKU not found,In Stock
SKU not found,In Stock
SKU not found,In Stock
SKU not found,In Stock
SKU not found,In Stock
SKU not found,In Stock
SKU not found,In Stock
SKU not found,In Stock
SKU not found,In Stock
SKU not found,In Stock
SKU not found,In Stock
SKU not found,In Stock
SKU not found,In Stock
SKU not found,In Stock
SKU not found,In Stock
SKU not found,In Stock
SKU not found,In Stock
SKU not found,In Stock
SKU not found,In Stock
SKU not found,In Stock
SKU not found,In Stock
SKU not found,In Stock
SKU not found,In Stock
SKU not found,In Stock
SKU not found,In Stock
SKU not found,In Stock
SKU not found,In Stock
SKU not found,In Stock
SKU not found,In Stock
SKU not found,In Stock
SKU not found,In Stock
SKU not found,In Stock
SKU not found,In Stock
SKU not found,In Stock
SKU not found,In Stock
SKU not found,In Stock
SKU not found,In Stock
SKU not found,In Stock
SKU not found,In Stock
SKU not found,In Stock
SKU not found,In Stock
SKU not found,In Stock
SKU not found,In Stock
SKU not found,In Stock
SKU not found,In Stock
SKU not found,In Stock
SKU not found,In Stock
SKU not found,In Stock
SKU not found,In Stock
SKU not found,In Stock
SKU not found,In Stock
SKU not found,In Stock
SKU not found,In Stock
SKU not found,In Stock
SKU not found,In Stock
SKU not found,In Stock
SKU not found,In Stock
SKU not found,In Stock
SKU not found,In Stock
SKU not found,In Stock
SKU not found,In Stock
SKU not found,In Stock
SKU not found,In Stock
SKU not found,In Stock
SKU not found,In Stock
SKU not found,In Stock
SKU not found,In Stock
SKU not found,In Stock
SKU not found,In Stock
SKU not found,In Stock
SKU not found,In Stock
SKU not found,In Stock
SKU not found,In Stock
SKU not found,In Stock
SKU not found,In Stock
SKU not found,In Stock
SKU not found,In Stock
SKU not found,In Stock
SKU not found,In Stock
SKU not found,In Stock
SKU not found,In Stock
SKU not found,In Stock
SKU not found,In Stock
SKU not found,In Stock
