SKU #: 033984031111,In Stock
SKU #: 819573013207,In Stock
SKU #: 852697001200,In Stock
SKU #: 852697001521,In Stock
SKU #: 049100401485,In Stock
SKU #: 074312306976,In Stock
SKU #: 016185129603,In Stock
SKU #: 031604040451,In Stock
SKU #: 689269452425,In Stock
SKU #: 753950001251,In Stock
SKU #: 753950002623,In Stock
SKU #: 790011190226,In Stock
SKU #: 033674156919,In Stock
SKU #: 737870168218,In Stock
SKU #: 015794025214,In Stock
SKU #: 00023923339088,In Stock
SKU #: 000518400040,In Stock
SKU #: 00757645021036,In Stock
SKU #: 008346026395,In Stock
SKU #: 00846675003911,In Stock
SKU #: 011110025937,In Stock
SKU #: 011110100580,In Stock
SKU #: 013562000159,In Stock
SKU #: 013562000524,In Stock
SKU #: 013971010015,In Stock
SKU #: 013971021028,In Stock
SKU #: 015665771455,Out of Stock
SKU #: 015794010265,In Stock
SKU #: 015794011880,In Stock
SKU #: 015794013075,In Stock
SKU #: 015794013129,In Stock
SKU #: 015794014065,In Stock
SKU #: 015794015024,In Stock
SKU #: 015794015758,In Stock
SKU #: 015794016120,In Stock
SKU #: 015794016465,In Stock
SKU #: 015794016496,In Stock
SKU #: 015794016700,In Stock
SKU #: 015794016748,In Stock
SKU #: 015794016779,In Stock
SKU #: 015794016878,In Stock
SKU #: 015794016885,In Stock
SKU #: 015794016908,In Stock
SKU #: 015794017059,In Stock
SKU #: 015794017073,In Stock
SKU #: 015794024637,In Stock
SKU #: 015794024644,In Stock
SKU #: 015794024804,In Stock
SKU #: 015794024811,In Stock
SKU #: 015794024880,In Stock
SKU #: 015794024897,In Stock
SKU #: 015794024958,In Stock
SKU #: 015794025207,In Stock
SKU #: 015794026044,In Stock
SKU #: 015794026594,In Stock
SKU #: 015794026808,In Stock
SKU #: 015794026846,In Stock
SKU #: 015794026853,In Stock
SKU #: 015794026860,In Stock
SKU #: 015794028765,In Stock
SKU #: 015794029670,In Stock
SKU #: 015794029717,In Stock
SKU #: 015794030560,In Stock
SKU #: 015794035190,In Stock
SKU #: 015794035237,In Stock
SKU #: 015794041009,In Stock
SKU #: 015794041207,In Stock
SKU #: 015794041214,In Stock
SKU #: 015794041351,In Stock
SKU #: 015794044505,In Stock
SKU #: 015794044987,In Stock
SKU #: 015794045113,In Stock
SKU #: 015794045168,In Stock
SKU #: 015794045533,In Stock
SKU #: 015794049470,In Stock
SKU #: 015794050285,In Stock
SKU #: 015794050292,In Stock
SKU #: 015794050339,In Stock
SKU #: 015794050346,In Stock
SKU #: 015794050421,In Stock
SKU #: 015794050445,In Stock
SKU #: 015794050452,In Stock
SKU #: 015794050483,In Stock
SKU #: 015794050605,In Stock
SKU #: 015794050704,In Stock
SKU #: 015794051046,In Stock
SKU #: 015794053842,In Stock
SKU #: 015794053873,In Stock
SKU #: 015794053880,In Stock
SKU #: 015794053910,In Stock
SKU #: 015794053927,In Stock
SKU #: 015794054269,In Stock
SKU #: 015794056010,In Stock
SKU #: 015794056058,In Stock
SKU #: 015794058045,In Stock
SKU #: 015794058069,In Stock
SKU #: 015794058212,In Stock
SKU #: 015794058274,In Stock
SKU #: 015794065074,In Stock
SKU #: 015794065630,In Stock
SKU #: 015794070542,In Stock
SKU #: 015794070849,In Stock
SKU #: 015794072102,In Stock
SKU #: 015794072331,In Stock
SKU #: 015794073178,In Stock
SKU #: 015794075417,In Stock
SKU #: 015794080305,In Stock
SKU #: 015794081241,In Stock
SKU #: 015794081364,In Stock
SKU #: 015794081616,In Stock
SKU #: 015794081647,In Stock
SKU #: 015794081920,In Stock
SKU #: 015794081944,In Stock
SKU #: 015794081968,In Stock
SKU #: 016185019867,In Stock
SKU #: 016185096578,In Stock
SKU #: 016185129009,In Stock
SKU #: 016185132559,In Stock
SKU #: 018787500712,In Stock
SKU #: 018787765043,In Stock
SKU #: 018787765166,In Stock
SKU #: 018787766323,In Stock
SKU #: 018787772324,In Stock
SKU #: 018787787052,In Stock
SKU #: 018787920039,In Stock
SKU #: 020525101297,In Stock
SKU #: 020525101419,In Stock
SKU #: 020525118738,In Stock
SKU #: 020525956033,Out of Stock
SKU #: 020525981615,In Stock
SKU #: 020525995490,In Stock
SKU #: 020662000026,In Stock
SKU #: 021078000334,In Stock
SKU #: 021078000495,In Stock
SKU #: 021078001010,In Stock
SKU #: 021078001201,In Stock
SKU #: 021078001904,In Stock
SKU #: 021078002178,In Stock
SKU #: 021078002260,In Stock
SKU #: 021078002659,In Stock
SKU #: 021078003007,In Stock
SKU #: 021078003427,In Stock
SKU #: 021078003496,In Stock
SKU #: 021078003588,In Stock
SKU #: 021078004929,In Stock
SKU #: 021078005049,In Stock
SKU #: 021078005087,In Stock
SKU #: 021078005094,In Stock
SKU #: 021078005353,In Stock
SKU #: 021078005544,In Stock
SKU #: 021078005766,In Stock
SKU #: 021078006190,In Stock
SKU #: 021078006336,In Stock
SKU #: 021078006763,In Stock
SKU #: 021078008231,In Stock
SKU #: 021078008347,In Stock
SKU #: 021078008996,In Stock
SKU #: 021078009078,In Stock
SKU #: 021078010395,In Stock
SKU #: 021078010432,In Stock
SKU #: 021078011002,Out of Stock
SKU #: 021078012894,In Stock
SKU #: 021078013051,In Stock
SKU #: 021078013136,In Stock
SKU #: 021078013174,In Stock
SKU #: 021078013358,In Stock
SKU #: 021078013617,In Stock
SKU #: 021078013990,In Stock
SKU #: 021078014836,In Stock
SKU #: 021078015291,In Stock
SKU #: 021078015383,In Stock
SKU #: 021078015666,In Stock
SKU #: 021078015826,In Stock
SKU #: 021078015987,In Stock
SKU #: 021078016045,In Stock
SKU #: 021078017479,In Stock
SKU #: 021078017745,In Stock
SKU #: 021078017851,In Stock
SKU #: 021078017929,In Stock
SKU #: 021078017974,In Stock
SKU #: 021078018001,In Stock
SKU #: 021078018230,In Stock
SKU #: 021078018636,In Stock
SKU #: 021078019077,In Stock
SKU #: 021078019206,In Stock
SKU #: 021078019220,In Stock
SKU #: 021078019657,In Stock
SKU #: 021078020097,In Stock
SKU #: 021078020158,In Stock
SKU #: 021078020165,In Stock
SKU #: 021078020288,In Stock
SKU #: 021078020400,In Stock
SKU #: 021078020998,In Stock
SKU #: 021078021322,Out of Stock
SKU #: 021078021506,In Stock
SKU #: 021078021599,In Stock
SKU #: 021078021643,In Stock
SKU #: 021078022091,In Stock
SKU #: 021078022374,In Stock
SKU #: 021078022947,In Stock
SKU #: 021078022978,In Stock
SKU #: 021078023388,In Stock
SKU #: 021078023845,In Stock
SKU #: 021078024224,In Stock
SKU #: 021078024859,In Stock
SKU #: 021078025542,In Stock
SKU #: 021078025559,In Stock
SKU #: 021078025801,In Stock
SKU #: 021078026242,In Stock
SKU #: 021078026280,In Stock
SKU #: 021078027829,In Stock
SKU #: 021078027836,In Stock
SKU #: 021078027843,In Stock
SKU #: 021078028901,In Stock
SKU #: 021078028918,In Stock
SKU #: 021245134558,In Stock
SKU #: 021888100316,In Stock
SKU #: 021888108824,In Stock
SKU #: 021888108831,In Stock
SKU #: 021888108879,In Stock
SKU #: 021888108930,In Stock
SKU #: 021888109517,In Stock
SKU #: 021888109524,In Stock
SKU #: 021888112029,In Stock
SKU #: 021888202119,In Stock
SKU #: 021888204380,In Stock
SKU #: 021888217045,In Stock
SKU #: 021888217052,In Stock
SKU #: 021888217144,In Stock
SKU #: 021888217151,In Stock
SKU #: 021908100517,In Stock
SKU #: 021908115832,In Stock
SKU #: 021908453118,In Stock
SKU #: 021908490854,In Stock
SKU #: 021908495743,In Stock
SKU #: 023923202009,In Stock
SKU #: 023923202092,In Stock
SKU #: 023923203013,In Stock
SKU #: 023923203792,In Stock
SKU #: 023923236028,In Stock
SKU #: 023923236035,In Stock
SKU #: 023923236288,In Stock
SKU #: 023923325111,In Stock
SKU #: 023923330320,In Stock
SKU #: 024182000863,In Stock
SKU #: 024182025064,In Stock
SKU #: 027434030526,In Stock
SKU #: 027917000268,In Stock
SKU #: 027917014715,In Stock
SKU #: 027917019192,In Stock
SKU #: 027917019208,In Stock
SKU #: 027917022703,In Stock
SKU #: 027917022710,In Stock
SKU #: 027917023106,In Stock
SKU #: 027917260051,In Stock
SKU #: 027917260099,In Stock
SKU #: 027917280134,In Stock
SKU #: 031604001056,In Stock
SKU #: 031604002503,In Stock
SKU #: 031604002596,In Stock
SKU #: 031604002916,In Stock
SKU #: 031604004026,In Stock
SKU #: 031604011628,In Stock
SKU #: 031604012120,In Stock
SKU #: 031604012748,In Stock
SKU #: 031604012779,In Stock
SKU #: 031604012816,In Stock
SKU #: 031604013288,In Stock
SKU #: 031604013387,In Stock
SKU #: 031604014162,In Stock
SKU #: 031604014735,In Stock
SKU #: 031604014896,In Stock
SKU #: 031604014964,In Stock
SKU #: 031604016173,In Stock
SKU #: 031604016371,In Stock
SKU #: 031604017156,In Stock
SKU #: 031604017187,In Stock
SKU #: 031604017897,In Stock
SKU #: 031604018931,In Stock
SKU #: 031604025083,In Stock
SKU #: 031604026103,In Stock
SKU #: 031604026219,In Stock
SKU #: 031604026578,In Stock
SKU #: 031604026622,In Stock
SKU #: 031604026646,In Stock
SKU #: 031604026653,In Stock
SKU #: 031604026769,In Stock
SKU #: 031604026783,In Stock
SKU #: 031604026844,In Stock
SKU #: 031604027254,In Stock
SKU #: 031604027278,In Stock
SKU #: 031604027438,In Stock
SKU #: 031604027889,In Stock
SKU #: 031604028183,In Stock
SKU #: 031604028961,In Stock
SKU #: 031604029197,In Stock
SKU #: 031604029203,In Stock
SKU #: 031604041212,In Stock
SKU #: 031604041328,In Stock
SKU #: 031604041434,In Stock
SKU #: 031604042714,In Stock
SKU #: 031604042882,In Stock
SKU #: 031604042943,In Stock
SKU #: 031604042950,In Stock
SKU #: 031604043094,In Stock
SKU #: 032917001634,In Stock
SKU #: 032917002198,In Stock
SKU #: 032917002846,In Stock
SKU #: 033674001103,In Stock
SKU #: 033674001424,In Stock
SKU #: 033674004173,In Stock
SKU #: 033674020708,In Stock
SKU #: 033674065600,In Stock
SKU #: 033674068502,In Stock
SKU #: 033674068601,In Stock
SKU #: 033674101001,In Stock
SKU #: 033674102206,In Stock
SKU #: 033674103364,In Stock
SKU #: 033674104002,In Stock
SKU #: 033674108956,In Stock
SKU #: 033674112007,In Stock
SKU #: 033674115824,In Stock
SKU #: 033674116005,In Stock
SKU #: 033674117507,In Stock
SKU #: 033674119501,In Stock
SKU #: 033674120880,In Stock
SKU #: 033674120897,In Stock
SKU #: 033674123003,In Stock
SKU #: 033674124406,In Stock
SKU #: 033674127094,In Stock
SKU #: 033674128503,In Stock
SKU #: 033674129630,In Stock
SKU #: 033674131084,In Stock
SKU #: 033674136607,In Stock
SKU #: 033674136638,In Stock
SKU #: 033674139400,In Stock
SKU #: 033674139820,In Stock
SKU #: 033674139905,In Stock
SKU #: 033674141526,In Stock
SKU #: 033674141625,In Stock
SKU #: 033674142431,In Stock
SKU #: 033674142813,In Stock
SKU #: 033674145371,In Stock
SKU #: 033674146101,In Stock
SKU #: 033674146361,In Stock
SKU #: 033674146507,In Stock
SKU #: 033674146903,In Stock
SKU #: 033674150207,In Stock
SKU #: 033674150214,In Stock
SKU #: 033674150245,In Stock
SKU #: 033674151488,In Stock
SKU #: 033674153109,In Stock
SKU #: 033674153802,In Stock
SKU #: 033674156513,In Stock
SKU #: 033674157862,In Stock
SKU #: 033674157893,In Stock
SKU #: 033674157930,In Stock
SKU #: 033674158197,In Stock
SKU #: 033674158593,In Stock
SKU #: 033674158999,In Stock
SKU #: 033674403129,In Stock
SKU #: 033674403204,In Stock
SKU #: 033674404911,In Stock
SKU #: 033674410103,In Stock
SKU #: 033674410219,In Stock
SKU #: 033674410318,In Stock
SKU #: 033674410516,In Stock
SKU #: 033674410912,In Stock
SKU #: 033674411018,In Stock
SKU #: 033674451717,In Stock
SKU #: 033984000285,In Stock
SKU #: 033984000711,In Stock
SKU #: 033984001411,In Stock
SKU #: 033984002012,In Stock
SKU #: 033984003118,In Stock
SKU #: 033984003125,In Stock
SKU #: 033984003132,In Stock
SKU #: 033984003149,In Stock
SKU #: 033984004009,In Stock
SKU #: 033984004108,In Stock
SKU #: 033984004320,In Stock
SKU #: 033984005099,In Stock
SKU #: 033984007604,In Stock
SKU #: 033984008007,In Stock
SKU #: 033984008014,In Stock
SKU #: 033984008304,In Stock
SKU #: 033984008762,In Stock
SKU #: 033984008779,In Stock
SKU #: 033984009141,In Stock
SKU #: 033984009196,In Stock
SKU #: 033984009387,In Stock
SKU #: 033984009400,In Stock
SKU #: 033984009523,In Stock
SKU #: 033984009585,In Stock
SKU #: 033984009684,In Stock
SKU #: 033984009707,In Stock
SKU #: 033984010116,In Stock
SKU #: 033984010161,In Stock
SKU #: 033984010437,In Stock
SKU #: 033984010499,In Stock
SKU #: 033984010529,In Stock
SKU #: 033984010536,In Stock
SKU #: 033984010703,In Stock
SKU #: 033984010925,In Stock
SKU #: 033984011014,In Stock
SKU #: 033984011212,In Stock
SKU #: 033984011229,Out of Stock
SKU #: 033984011328,In Stock
SKU #: 033984011519,In Stock
SKU #: 033984011670,In Stock
SKU #: 033984011823,Out of Stock
SKU #: 033984011830,In Stock
SKU #: 033984011892,In Stock
SKU #: 033984012110,In Stock
SKU #: 033984012219,In Stock
SKU #: 033984012493,In Stock
SKU #: 033984012547,In Stock
SKU #: 033984013155,In Stock
SKU #: 033984013216,Out of Stock
SKU #: 033984013506,In Stock
SKU #: 033984013513,In Stock
SKU #: 033984013568,In Stock
SKU #: 033984013704,In Stock
SKU #: 033984014114,In Stock
SKU #: 033984015814,In Stock
SKU #: 033984016002,In Stock
SKU #: 033984016996,In Stock
SKU #: 033984017023,In Stock
SKU #: 033984017368,In Stock
SKU #: 033984017511,In Stock
SKU #: 033984018518,In Stock
SKU #: 033984019119,In Stock
SKU #: 033984019126,In Stock
SKU #: 033984019355,In Stock
SKU #: 033984019379,In Stock
SKU #: 033984019560,In Stock
SKU #: 033984020283,In Stock
SKU #: 033984020290,In Stock
SKU #: 033984022089,In Stock
SKU #: 033984022607,In Stock
SKU #: 033984022614,In Stock
SKU #: 033984022959,In Stock
SKU #: 033984023185,In Stock
SKU #: 033984023802,In Stock
SKU #: 033984023819,Out of Stock
SKU #: 033984024212,In Stock
SKU #: 033984024847,In Stock
SKU #: 033984025516,In Stock
SKU #: 033984026414,In Stock
SKU #: 033984026766,In Stock
SKU #: 033984027015,Out of Stock
SKU #: 033984027145,In Stock
SKU #: 033984028128,In Stock
SKU #: 033984029804,In Stock
SKU #: 033984030503,In Stock
SKU #: 033984030824,In Stock
SKU #: 033984032101,In Stock
SKU #: 033984032118,In Stock
SKU #: 033984032200,In Stock
SKU #: 033984032750,In Stock
SKU #: 033984033139,In Stock
SKU #: 033984033146,In Stock
SKU #: 033984033214,In Stock
SKU #: 033984033405,In Stock
SKU #: 033984033412,In Stock
SKU #: 033984034617,In Stock
SKU #: 033984035010,In Stock
SKU #: 033984035423,In Stock
SKU #: 033984035478,In Stock
SKU #: 033984035669,In Stock
SKU #: 033984036680,In Stock
SKU #: 033984036703,In Stock
SKU #: 033984036734,In Stock
SKU #: 033984038707,In Stock
SKU #: 033984039728,In Stock
SKU #: 033984039735,In Stock
SKU #: 033984041325,In Stock
SKU #: 033984193772,In Stock
SKU #: 033984547070,In Stock
SKU #: 035000978684,In Stock
SKU #: 039442000736,In Stock
SKU #: 039978002365,In Stock
SKU #: 039978011039,In Stock
SKU #: 039978011732,In Stock
SKU #: 039978029362,In Stock
SKU #: 039978029744,In Stock
SKU #: 039978029911,In Stock
SKU #: 039978033925,In Stock
SKU #: 039978041555,In Stock
SKU #: 039978045010,In Stock
SKU #: 039978051554,In Stock
SKU #: 039978111166,In Stock
SKU #: 039978111524,In Stock
SKU #: 039978113108,In Stock
SKU #: 039978113214,In Stock
SKU #: 039978114686,In Stock
SKU #: 039978116093,In Stock
SKU #: 039978118943,In Stock
SKU #: 039978123213,In Stock
SKU #: 041507065765,In Stock
SKU #: 041507070066,In Stock
SKU #: 041507070080,In Stock
SKU #: 041570044285,In Stock
SKU #: 041570052037,In Stock
SKU #: 041570054161,In Stock
SKU #: 041570058732,In Stock
SKU #: 041570068274,In Stock
SKU #: 041570068366,In Stock
SKU #: 041648079843,In Stock
SKU #: 042272005918,In Stock
SKU #: 043182002066,In Stock
SKU #: 043182002073,In Stock
SKU #: 043182008716,In Stock
SKU #: 043182008730,In Stock
SKU #: 043182008907,In Stock
SKU #: 046015167369,In Stock
SKU #: 047445919436,In Stock
SKU #: 049100400389,In Stock
SKU #: 049100400525,In Stock
SKU #: 049100400921,In Stock
SKU #: 051381882679,In Stock
SKU #: 051381886356,In Stock
SKU #: 051494101186,In Stock
SKU #: 051494101704,In Stock
SKU #: 051494101803,In Stock
SKU #: 051494101957,In Stock
SKU #: 051494102312,In Stock
SKU #: 051494102800,In Stock
SKU #: 051494104330,In Stock
SKU #: 051494104385,In Stock
SKU #: 051494104392,In Stock
SKU #: 051494601716,In Stock
SKU #: 052603041003,In Stock
SKU #: 052603041201,In Stock
SKU #: 052603041843,In Stock
SKU #: 052603054003,In Stock
SKU #: 052603054416,In Stock
SKU #: 052603056076,In Stock
SKU #: 052603065702,In Stock
SKU #: 052603066037,In Stock
SKU #: 052603283663,In Stock
SKU #: 058449192046,Out of Stock
SKU #: 058449550006,In Stock
SKU #: 058449770206,In Stock
SKU #: 058449771623,In Stock
SKU #: 058449771647,In Stock
SKU #: 058449771852,In Stock
SKU #: 058449777311,In Stock
SKU #: 058449779001,In Stock
SKU #: 058449860020,In Stock
SKU #: 058449860075,In Stock
SKU #: 058449890003,In Stock
SKU #: 058449890096,In Stock
SKU #: 058449890256,In Stock
SKU #: 070177069216,In Stock
SKU #: 070177069261,In Stock
SKU #: 071012010509,In Stock
SKU #: 071012075027,In Stock
SKU #: 071012075041,In Stock
SKU #: 071012080069,In Stock
SKU #: 071012081028,In Stock
SKU #: 071879500069,In Stock
SKU #: 071879710024,In Stock
SKU #: 072310001855,In Stock
SKU #: 072457110557,In Stock
SKU #: 072457331020,In Stock
SKU #: 072457331051,In Stock
SKU #: 072457331082,In Stock
SKU #: 072457331143,In Stock
SKU #: 072457880665,In Stock
SKU #: 072457880689,In Stock
SKU #: 072457880702,In Stock
SKU #: 072904000097,In Stock
SKU #: 072904000110,In Stock
SKU #: 073230008054,In Stock
SKU #: 073230008382,In Stock
SKU #: 073230008498,In Stock
SKU #: 073230008504,In Stock
SKU #: 073230008665,In Stock
SKU #: 073416000155,In Stock
SKU #: 073416000452,In Stock
SKU #: 073416000476,In Stock
SKU #: 073416004306,In Stock
SKU #: 073416035300,In Stock
SKU #: 073490131912,In Stock
SKU #: 074312006401,In Stock
SKU #: 074312006906,In Stock
SKU #: 074312019760,In Stock
SKU #: 074312020605,In Stock
SKU #: 074312028717,In Stock
SKU #: 074312042331,In Stock
SKU #: 074312042904,In Stock
SKU #: 074312051630,In Stock
SKU #: 074312073731,In Stock
SKU #: 074312119323,In Stock
SKU #: 074312131028,In Stock
SKU #: 074312137945,Out of Stock
SKU #: 074312172434,In Stock
SKU #: 074312186783,In Stock
SKU #: 074312357107,In Stock
SKU #: 074312413834,Out of Stock
SKU #: 074333374992,In Stock
SKU #: 074333472513,In Stock
SKU #: 074333474296,In Stock
SKU #: 074333476245,In Stock
SKU #: 074333476269,In Stock
SKU #: 074333684251,In Stock
SKU #: 074333684282,In Stock
SKU #: 074873960150,In Stock
SKU #: 074873960259,In Stock
SKU #: 074873970838,In Stock
SKU #: 076280002409,In Stock
SKU #: 076280004472,In Stock
SKU #: 076280011159,In Stock
SKU #: 076280012200,In Stock
SKU #: 076280012729,In Stock
SKU #: 076280012903,In Stock
SKU #: 076280013504,In Stock
SKU #: 076280015003,In Stock
SKU #: 076280015706,In Stock
SKU #: 076280016901,In Stock
SKU #: 076280021707,In Stock
SKU #: 076280030754,In Stock
SKU #: 076280035001,In Stock
SKU #: 076280036640,In Stock
SKU #: 076280037685,In Stock
SKU #: 076280037845,In Stock
SKU #: 076280038002,In Stock
SKU #: 076280039009,In Stock
SKU #: 076280041101,In Stock
SKU #: 076280041118,In Stock
SKU #: 076280041637,In Stock
SKU #: 076280042153,In Stock
SKU #: 076280042405,In Stock
SKU #: 076280042412,In Stock
SKU #: 076280042917,In Stock
SKU #: 076280043457,In Stock
SKU #: 076280043525,In Stock
SKU #: 076280043549,In Stock
SKU #: 076280043587,In Stock
SKU #: 076280043655,In Stock
SKU #: 076280044003,In Stock
SKU #: 076280044409,In Stock
SKU #: 076280044515,In Stock
SKU #: 076280044959,In Stock
SKU #: 076280044973,In Stock
SKU #: 076280045109,In Stock
SKU #: 076280045277,In Stock
SKU #: 076280045888,In Stock
SKU #: 076280045918,In Stock
SKU #: 076280046212,In Stock
SKU #: 076280046618,In Stock
SKU #: 076280046762,In Stock
SKU #: 076280047103,In Stock
SKU #: 076280047455,In Stock
SKU #: 076280048117,In Stock
SKU #: 076280048148,In Stock
SKU #: 076280048612,In Stock
SKU #: 076280049312,In Stock
SKU #: 076280049411,In Stock
SKU #: 076280051803,In Stock
SKU #: 076280081022,In Stock
SKU #: 076280082074,In Stock
SKU #: 076280083613,Out of Stock
SKU #: 076280083996,In Stock
SKU #: 076280088915,In Stock
SKU #: 076280103694,In Stock
SKU #: 076280106794,In Stock
SKU #: 076280111019,In Stock
SKU #: 076280127430,In Stock
SKU #: 076280153798,In Stock
SKU #: 076280192858,In Stock
SKU #: 076280195507,In Stock
SKU #: 076280321838,In Stock
SKU #: 076280366693,In Stock
SKU #: 076280367386,In Stock
SKU #: 076280377675,In Stock
SKU #: 076280399028,In Stock
SKU #: 076280426083,In Stock
SKU #: 076280446852,In Stock
SKU #: 076280458527,In Stock
SKU #: 076280459319,In Stock
SKU #: 076280463019,In Stock
SKU #: 076280473063,In Stock
SKU #: 076280544336,In Stock
SKU #: 076280572322,In Stock
SKU #: 076280669671,In Stock
SKU #: 076314302048,In Stock
SKU #: 076630025423,In Stock
SKU #: 076630029414,In Stock
SKU #: 076630503051,Out of Stock
SKU #: 076950450219,In Stock
SKU #: 076950450578,In Stock
SKU #: 077326149065,In Stock
SKU #: 077326445488,In Stock
SKU #: 077326611258,Out of Stock
SKU #: 077326832936,In Stock
SKU #: 077627501012,In Stock
SKU #: 078314120462,In Stock
SKU #: 078522021131,In Stock
SKU #: 078522030270,In Stock
SKU #: 078522030324,In Stock
SKU #: 081738402069,In Stock
SKU #: 082666500803,In Stock
SKU #: 082666502005,In Stock
SKU #: 084114009982,In Stock
SKU #: 084114901965,In Stock
SKU #: 084253240017,In Stock
SKU #: 084253240024,In Stock
SKU #: 084253240451,In Stock
SKU #: 084253240499,In Stock
SKU #: 085958160020,In Stock
SKU #: 088395008825,In Stock
SKU #: 088395011313,In Stock
SKU #: 088395011825,In Stock
SKU #: 088395013010,In Stock
SKU #: 088395013218,In Stock
SKU #: 088395013225,In Stock
SKU #: 088395013522,In Stock
SKU #: 088395013539,In Stock
SKU #: 088395014338,In Stock
SKU #: 088395014512,In Stock
SKU #: 088395014635,In Stock
SKU #: 088395014710,In Stock
SKU #: 088395015458,In Stock
SKU #: 088395016325,Out of Stock
SKU #: 088395017018,In Stock
SKU #: 088395017131,In Stock
SKU #: 088395023811,Out of Stock
SKU #: 088395031014,In Stock
SKU #: 088395044328,In Stock
SKU #: 088395050817,In Stock
SKU #: 088395051548,In Stock
SKU #: 088395053122,In Stock
SKU #: 088395056116,In Stock
SKU #: 088395056123,In Stock
SKU #: 088395056413,In Stock
SKU #: 088395068850,In Stock
SKU #: 088395085512,In Stock
SKU #: 088395086816,In Stock
SKU #: 088395088018,In Stock
SKU #: 088395105302,In Stock
SKU #: 088395169106,In Stock
SKU #: 088395183201,In Stock
SKU #: 088395335402,In Stock
SKU #: 088395335600,In Stock
SKU #: 088395469107,In Stock
SKU #: 088395494307,In Stock
SKU #: 089094022990,In Stock
SKU #: 089836028679,In Stock
SKU #: 089836185266,In Stock
SKU #: 089836187635,In Stock
SKU #: 089836187659,In Stock
SKU #: 089836194954,In Stock
SKU #: 092325222212,In Stock
SKU #: 093709100713,In Stock
SKU #: 093709300601,In Stock
SKU #: 093709301608,In Stock
SKU #: 093709355533,In Stock
SKU #: 093709600220,In Stock
SKU #: 093709600336,In Stock
SKU #: 093709600442,In Stock
SKU #: 093709620013,In Stock
SKU #: 093709801016,In Stock
SKU #: 093709801023,In Stock
SKU #: 093709801030,In Stock
SKU #: 10039978015836,In Stock
SKU #: 10850016323481,In Stock
SKU #: 10850016323498,In Stock
SKU #: 180530000821,In Stock
SKU #: 180999001001,In Stock
SKU #: 180999001506,In Stock
SKU #: 183405000001,In Stock
SKU #: 183405000025,In Stock
SKU #: 183405000094,In Stock
SKU #: 183405000117,In Stock
SKU #: 183405000148,In Stock
SKU #: 183405000636,In Stock
SKU #: 183405000988,In Stock
SKU #: 183405043084,In Stock
SKU #: 183405043091,In Stock
SKU #: 183405043442,In Stock
SKU #: 183405043459,In Stock
SKU #: 183405043497,In Stock
SKU #: 183405043503,In Stock
SKU #: 183405043510,In Stock
SKU #: 183405043527,In Stock
SKU #: 183405043541,In Stock
SKU #: 183405043619,In Stock
SKU #: 183405043800,In Stock
SKU #: 183405043817,In Stock
SKU #: 183405043824,In Stock
SKU #: 183405043992,In Stock
SKU #: 185255000576,In Stock
SKU #: 185255000583,In Stock
SKU #: 185255000590,In Stock
SKU #: 185255000606,In Stock
SKU #: 185255000620,In Stock
SKU #: 20850016323099,In Stock
SKU #: 20850016323174,In Stock
SKU #: 305734758501,In Stock
SKU #: 305735568192,In Stock
SKU #: 305735569199,In Stock
SKU #: 308078253909,In Stock
SKU #: 308079009901,In Stock
SKU #: 310158134008,In Stock
SKU #: 354973309319,In Stock
SKU #: 354973311428,In Stock
SKU #: 354973325777,In Stock
SKU #: 354973333116,In Stock
SKU #: 354973335219,In Stock
SKU #: 354973403017,In Stock
SKU #: 354973408616,In Stock
SKU #: 354973409118,In Stock
SKU #: 354973409415,In Stock
SKU #: 358008035501,In Stock
SKU #: 364031300165,In Stock
SKU #: 367703201166,In Stock
SKU #: 376630181533,In Stock
SKU #: 381370014188,In Stock
SKU #: 381371181421,In Stock
SKU #: 381371196968,In Stock
SKU #: 4001638081863,In Stock
SKU #: 5425018610860,In Stock
SKU #: 5425018611225,In Stock
SKU #: 602652171611,In Stock
SKU #: 602652171819,In Stock
SKU #: 602652419300,In Stock
SKU #: 602652429941,In Stock
SKU #: 602652432873,In Stock
SKU #: 603573150754,In Stock
SKU #: 603573150914,In Stock
SKU #: 603573151508,In Stock
SKU #: 603573153410,In Stock
SKU #: 603573153533,In Stock
SKU #: 603573153564,In Stock
SKU #: 603573153762,In Stock
SKU #: 603573164751,In Stock
SKU #: 603573164782,In Stock
SKU #: 603573251574,In Stock
SKU #: 603573251604,In Stock
SKU #: 603573350239,In Stock
SKU #: 603573364656,In Stock
SKU #: 603573364915,In Stock
SKU #: 603573413347,In Stock
SKU #: 603573413729,In Stock
SKU #: 603573413736,In Stock
SKU #: 603573555184,In Stock
SKU #: 603573849160,In Stock
SKU #: 603573849252,In Stock
SKU #: 603573849283,In Stock
SKU #: 603573882372,In Stock
SKU #: 603573882396,In Stock
SKU #: 626232101805,In Stock
SKU #: 626232112931,In Stock
SKU #: 626232112948,In Stock
SKU #: 626232115178,In Stock
SKU #: 626232115185,In Stock
SKU #: 626232120332,In Stock
SKU #: 626232131703,In Stock
SKU #: 626232140675,In Stock
SKU #: 626232140682,In Stock
SKU #: 626232140903,In Stock
SKU #: 626232140927,In Stock
SKU #: 626232160383,In Stock
SKU #: 626232166231,In Stock
SKU #: 626232170016,In Stock
SKU #: 626232181739,In Stock
SKU #: 626232213188,In Stock
SKU #: 626232213928,In Stock
SKU #: 626232608410,In Stock
SKU #: 631257120694,In Stock
SKU #: 631257120977,In Stock
SKU #: 631257121011,In Stock
SKU #: 631257121035,In Stock
SKU #: 631257121066,In Stock
SKU #: 631257121202,In Stock
SKU #: 631257121240,In Stock
SKU #: 631257121257,In Stock
SKU #: 631257153555,In Stock
SKU #: 631257154330,In Stock
SKU #: 631257155795,In Stock
SKU #: 631257158635,In Stock
SKU #: 631257159779,In Stock
SKU #: 631257159786,In Stock
SKU #: 631257159830,In Stock
SKU #: 631257347299,In Stock
SKU #: 631257355553,In Stock
SKU #: 631257534408,In Stock
SKU #: 631257534507,In Stock
SKU #: 631257534699,In Stock
SKU #: 631257534897,In Stock
SKU #: 631257560247,In Stock
SKU #: 634084125023,In Stock
SKU #: 634084270020,In Stock
SKU #: 635824002345,In Stock
SKU #: 637480000666,In Stock
SKU #: 637480003131,In Stock
SKU #: 637480003216,In Stock
SKU #: 637480003339,Out of Stock
SKU #: 637480004817,In Stock
SKU #: 637480025027,Out of Stock
SKU #: 637480025539,Out of Stock
SKU #: 637480031554,In Stock
SKU #: 637480034449,In Stock
SKU #: 637480035026,In Stock
SKU #: 637480045049,In Stock
SKU #: 637480046596,In Stock
SKU #: 637480054010,In Stock
SKU #: 637480056045,In Stock
SKU #: 637480064187,In Stock
SKU #: 637480065016,In Stock
SKU #: 637480065108,In Stock
SKU #: 637480065139,In Stock
SKU #: 637480065146,In Stock
SKU #: 637480070515,In Stock
SKU #: 637480071505,Out of Stock
SKU #: 637480075206,In Stock
SKU #: 637480075428,In Stock
SKU #: 637480075756,In Stock
SKU #: 637480077057,In Stock
SKU #: 637480084314,In Stock
SKU #: 658010111126,In Stock
SKU #: 658010111256,In Stock
SKU #: 658010111393,Out of Stock
SKU #: 658010111546,In Stock
SKU #: 658010112987,In Stock
SKU #: 658010113373,In Stock
SKU #: 658010113687,In Stock
SKU #: 658010113700,In Stock
SKU #: 658010113717,In Stock
SKU #: 658010113793,In Stock
SKU #: 658010114134,Out of Stock
SKU #: 658010114172,In Stock
SKU #: 658010115926,In Stock
SKU #: 658010115940,In Stock
SKU #: 658010115964,In Stock
SKU #: 658010116046,In Stock
SKU #: 658010116060,In Stock
SKU #: 658010116114,In Stock
SKU #: 658010116244,In Stock
SKU #: 658010116527,In Stock
SKU #: 658010116558,In Stock
SKU #: 658010116657,In Stock
SKU #: 658010117159,In Stock
SKU #: 658010117456,In Stock
SKU #: 658010117753,In Stock
SKU #: 658010117760,In Stock
SKU #: 658010117777,In Stock
SKU #: 658010117784,In Stock
SKU #: 658010118064,In Stock
SKU #: 658010118323,In Stock
SKU #: 658010118347,In Stock
SKU #: 658010118699,In Stock
SKU #: 658010119412,In Stock
SKU #: 658010119436,In Stock
SKU #: 658010121774,In Stock
SKU #: 658010121781,In Stock
SKU #: 658010122238,In Stock
SKU #: 658010122771,In Stock
SKU #: 658010122917,In Stock
SKU #: 658010122924,In Stock
SKU #: 658010123211,In Stock
SKU #: 658010124522,In Stock
SKU #: 658010124553,In Stock
SKU #: 658010124591,In Stock
SKU #: 658010124706,In Stock
SKU #: 658010124713,In Stock
SKU #: 658010125192,In Stock
SKU #: 658010125222,In Stock
SKU #: 658010125246,In Stock
SKU #: 658010127080,In Stock
SKU #: 658010127134,In Stock
SKU #: 658010127158,In Stock
SKU #: 658010130745,In Stock
SKU #: 658010133265,In Stock
SKU #: 658010133296,In Stock
SKU #: 658010133302,In Stock
SKU #: 660726503102,In Stock
SKU #: 660726503164,In Stock
SKU #: 660726503201,In Stock
SKU #: 660726534113,In Stock
SKU #: 660726534205,In Stock
SKU #: 660726534212,In Stock
SKU #: 660726803608,In Stock
SKU #: 661176010066,In Stock
SKU #: 661176011322,In Stock
SKU #: 665553228365,In Stock
SKU #: 675625354014,In Stock
SKU #: 675625360060,In Stock
SKU #: 675625390272,In Stock
SKU #: 687456213057,In Stock
SKU #: 687456213064,In Stock
SKU #: 687456213088,In Stock
SKU #: 687456213286,In Stock
SKU #: 687456213743,In Stock
SKU #: 687456224107,In Stock
SKU #: 689269451091,In Stock
SKU #: 689269452265,In Stock
SKU #: 692752103117,In Stock
SKU #: 692752113789,In Stock
SKU #: 692752200052,In Stock
SKU #: 704142000248,In Stock
SKU #: 704142000484,In Stock
SKU #: 704142000606,In Stock
SKU #: 705016226085,In Stock
SKU #: 705016331291,In Stock
SKU #: 705016560073,In Stock
SKU #: 705016560080,In Stock
SKU #: 706195000190,In Stock
SKU #: 706195000251,In Stock
SKU #: 706195000329,In Stock
SKU #: 706195000411,In Stock
SKU #: 706195000459,Out of Stock
SKU #: 706195000480,In Stock
SKU #: 706195000510,In Stock
SKU #: 706195000527,In Stock
SKU #: 706195000602,In Stock
SKU #: 706195000732,In Stock
SKU #: 706195000855,In Stock
SKU #: 706195000909,In Stock
SKU #: 706195001036,In Stock
SKU #: 706195001081,Out of Stock
SKU #: 706195001128,In Stock
SKU #: 706195001265,In Stock
SKU #: 706195001388,In Stock
SKU #: 706195001715,In Stock
SKU #: 706195001937,In Stock
SKU #: 706195001982,In Stock
SKU #: 706195002071,In Stock
SKU #: 706195002262,In Stock
SKU #: 706195002279,In Stock
SKU #: 706195003016,In Stock
SKU #: 706195003030,In Stock
SKU #: 706195003078,In Stock
SKU #: 706195003153,In Stock
SKU #: 706195003252,In Stock
SKU #: 706195003320,In Stock
SKU #: 706195003375,In Stock
SKU #: 706195003474,In Stock
SKU #: 706195004020,In Stock
SKU #: 706195004051,In Stock
SKU #: 706195004075,In Stock
SKU #: 706195004082,In Stock
SKU #: 706195004105,In Stock
SKU #: 706195004112,In Stock
SKU #: 706195004136,In Stock
SKU #: 706195004143,In Stock
SKU #: 706195004150,In Stock
SKU #: 706195004181,In Stock
SKU #: 706195004198,In Stock
SKU #: 706195004297,In Stock
SKU #: 706195004303,In Stock
SKU #: 706195004327,In Stock
SKU #: 706195004419,In Stock
SKU #: 706195004426,In Stock
SKU #: 706195004501,In Stock
SKU #: 706195004617,In Stock
SKU #: 706195004648,In Stock
SKU #: 706195004686,In Stock
SKU #: 706195004693,In Stock
SKU #: 706195106069,In Stock
SKU #: 706195106106,In Stock
SKU #: 706195173214,In Stock
SKU #: 707359100725,In Stock
SKU #: 707359100855,In Stock
SKU #: 707359101425,In Stock
SKU #: 707359101692,In Stock
SKU #: 707359103405,In Stock
SKU #: 707359103658,In Stock
SKU #: 707359103719,In Stock
SKU #: 707359103764,In Stock
SKU #: 707359104068,In Stock
SKU #: 707359105294,In Stock
SKU #: 707359106901,In Stock
SKU #: 707359112902,In Stock
SKU #: 707359114852,In Stock
SKU #: 707359115545,In Stock
SKU #: 707359116252,In Stock
SKU #: 707359116610,In Stock
SKU #: 707359121294,In Stock
SKU #: 707359129122,In Stock
SKU #: 707359129191,In Stock
SKU #: 707359129238,In Stock
SKU #: 707359129436,In Stock
SKU #: 707359129573,In Stock
SKU #: 707359129634,In Stock
SKU #: 707359130463,In Stock
SKU #: 707359131224,In Stock
SKU #: 707359131347,In Stock
SKU #: 707359131552,In Stock
SKU #: 707359131682,In Stock
SKU #: 707359131750,In Stock
SKU #: 707359132085,In Stock
SKU #: 707359133211,In Stock
SKU #: 707359133402,In Stock
SKU #: 707359133686,In Stock
SKU #: 707359133839,In Stock
SKU #: 707359135000,In Stock
SKU #: 707359135574,In Stock
SKU #: 707359137882,In Stock
SKU #: 707359146426,In Stock
SKU #: 707359147041,In Stock
SKU #: 707359147393,In Stock
SKU #: 707359149366,In Stock
SKU #: 708163118340,In Stock
SKU #: 708163118531,In Stock
SKU #: 708163120244,In Stock
SKU #: 708163120978,In Stock
SKU #: 708163123092,In Stock
SKU #: 708163127014,In Stock
SKU #: 708163211058,In Stock
SKU #: 708163213052,In Stock
SKU #: 708163972058,In Stock
SKU #: 711381020951,In Stock
SKU #: 711381021002,In Stock
SKU #: 711381022269,In Stock
SKU #: 711381024744,In Stock
SKU #: 711381030615,In Stock
SKU #: 711381031438,In Stock
SKU #: 711381033135,In Stock
SKU #: 711381312377,In Stock
SKU #: 711381313930,In Stock
SKU #: 711381325520,In Stock
SKU #: 711381333822,In Stock
SKU #: 716123125659,In Stock
SKU #: 718334221113,In Stock
SKU #: 718334334080,In Stock
SKU #: 722252168504,In Stock
SKU #: 722252187949,In Stock
SKU #: 722252203106,In Stock
SKU #: 722252203304,In Stock
SKU #: 722252204103,In Stock
SKU #: 722252271013,In Stock
SKU #: 722252313225,In Stock
SKU #: 722252315755,In Stock
SKU #: 722252329578,In Stock
SKU #: 722252380654,In Stock
SKU #: 722252387240,In Stock
SKU #: 722252438225,In Stock
SKU #: 722252438249,In Stock
SKU #: 722252600424,In Stock
SKU #: 722252600554,In Stock
SKU #: 722252611314,In Stock
SKU #: 722252660077,In Stock
SKU #: 722252661036,In Stock
SKU #: 727783003027,In Stock
SKU #: 727783003065,In Stock
SKU #: 727783003386,In Stock
SKU #: 727783003621,In Stock
SKU #: 727783003669,In Stock
SKU #: 727783003690,In Stock
SKU #: 727783004062,In Stock
SKU #: 727783004079,In Stock
SKU #: 727783004086,In Stock
SKU #: 727783050007,In Stock
SKU #: 727783050014,In Stock
SKU #: 727783050021,In Stock
SKU #: 727783050038,In Stock
SKU #: 727783050168,In Stock
SKU #: 727783900913,In Stock
SKU #: 727783901163,In Stock
SKU #: 727783901514,In Stock
SKU #: 727783901958,In Stock
SKU #: 727783902580,In Stock
SKU #: 727783902603,In Stock
SKU #: 727783902627,In Stock
SKU #: 728997172004,In Stock
SKU #: 728997260015,In Stock
SKU #: 729906119448,In Stock
SKU #: 732148120028,In Stock
SKU #: 732148350074,In Stock
SKU #: 732148352337,In Stock
SKU #: 732148353006,In Stock
SKU #: 732913228133,In Stock
SKU #: 732913450756,In Stock
SKU #: 732913451746,In Stock
SKU #: 732913451784,In Stock
SKU #: 732913451814,In Stock
SKU #: 732913451845,In Stock
SKU #: 732913451951,In Stock
SKU #: 735546331225,In Stock
SKU #: 737870020165,In Stock
SKU #: 737870038153,In Stock
SKU #: 737870109761,In Stock
SKU #: 737870120360,In Stock
SKU #: 737870120964,In Stock
SKU #: 737870121466,In Stock
SKU #: 737870125396,In Stock
SKU #: 737870130963,In Stock
SKU #: 737870133308,In Stock
SKU #: 737870140061,In Stock
SKU #: 737870142461,In Stock
SKU #: 737870142515,In Stock
SKU #: 737870142669,In Stock
SKU #: 737870142737,In Stock
SKU #: 737870143123,In Stock
SKU #: 737870143734,In Stock
SKU #: 737870143864,In Stock
SKU #: 737870145912,In Stock
SKU #: 737870146865,In Stock
SKU #: 737870146964,In Stock
SKU #: 737870147336,In Stock
SKU #: 737870147695,In Stock
SKU #: 737870150039,In Stock
SKU #: 737870151135,In Stock
SKU #: 737870151364,In Stock
SKU #: 737870151432,In Stock
SKU #: 737870152767,In Stock
SKU #: 737870153313,In Stock
SKU #: 737870153764,In Stock
SKU #: 737870154112,In Stock
SKU #: 737870154365,In Stock
SKU #: 737870157113,In Stock
SKU #: 737870160038,In Stock
SKU #: 737870160397,In Stock
SKU #: 737870162261,In Stock
SKU #: 737870162803,In Stock
SKU #: 737870163008,In Stock
SKU #: 737870163961,In Stock
SKU #: 737870164036,In Stock
SKU #: 737870164739,In Stock
SKU #: 737870164968,In Stock
SKU #: 737870165965,In Stock
SKU #: 737870166818,In Stock
SKU #: 737870166917,In Stock
SKU #: 737870167112,In Stock
SKU #: 737870167617,In Stock
SKU #: 737870167716,In Stock
SKU #: 737870168164,In Stock
SKU #: 737870170099,In Stock
SKU #: 737870170860,In Stock
SKU #: 737870170969,In Stock
SKU #: 737870171867,In Stock
SKU #: 737870172291,In Stock
SKU #: 737870172611,In Stock
SKU #: 737870172710,In Stock
SKU #: 737870173335,In Stock
SKU #: 737870173618,In Stock
SKU #: 737870175124,In Stock
SKU #: 737870175865,In Stock
SKU #: 737870177814,In Stock
SKU #: 737870178712,In Stock
SKU #: 737870178934,In Stock
SKU #: 737870179061,In Stock
SKU #: 737870180364,In Stock
SKU #: 737870180593,In Stock
SKU #: 737870181163,In Stock
SKU #: 737870181231,In Stock
SKU #: 737870182160,In Stock
SKU #: 737870182535,In Stock
SKU #: 737870182795,In Stock
SKU #: 737870182863,In Stock
SKU #: 737870184294,In Stock
SKU #: 737870185963,In Stock
SKU #: 737870186939,In Stock
SKU #: 737870190332,In Stock
SKU #: 737870190936,In Stock
SKU #: 737870191834,In Stock
SKU #: 737870192169,In Stock
SKU #: 737870192961,In Stock
SKU #: 737870193913,In Stock
SKU #: 737870194569,In Stock
SKU #: 737870197492,In Stock
SKU #: 737870198413,In Stock
SKU #: 737870198567,In Stock
SKU #: 737870200369,In Stock
SKU #: 737870200437,In Stock
SKU #: 737870200567,In Stock
SKU #: 737870200666,In Stock
SKU #: 737870201861,In Stock
SKU #: 737870202165,In Stock
SKU #: 737870202462,In Stock
SKU #: 737870202967,In Stock
SKU #: 737870203292,In Stock
SKU #: 737870207061,In Stock
SKU #: 737870207566,In Stock
SKU #: 737870209638,In Stock
SKU #: 737870210238,In Stock
SKU #: 737870212034,In Stock
SKU #: 737870212164,In Stock
SKU #: 737870212232,In Stock
SKU #: 737870212300,In Stock
SKU #: 737870212539,In Stock
SKU #: 737870213123,In Stock
SKU #: 737870213833,In Stock
SKU #: 737870217114,In Stock
SKU #: 737870217633,In Stock
SKU #: 737870219910,In Stock
SKU #: 737870220268,In Stock
SKU #: 737870220367,In Stock
SKU #: 737870221838,In Stock
SKU #: 737870223061,In Stock
SKU #: 737870223160,In Stock
SKU #: 737870223214,In Stock
SKU #: 737870223429,In Stock
SKU #: 737870224419,In Stock
SKU #: 737870227038,In Stock
SKU #: 737870230632,In Stock
SKU #: 737870230960,In Stock
SKU #: 737870231233,In Stock
SKU #: 737870231363,In Stock
SKU #: 737870231516,In Stock
SKU #: 737870231769,In Stock
SKU #: 737870232131,In Stock
SKU #: 737870232360,In Stock
SKU #: 737870233435,In Stock
SKU #: 737870234432,In Stock
SKU #: 737870236436,In Stock
SKU #: 737870236528,In Stock
SKU #: 737870239765,In Stock
SKU #: 737870240808,In Stock
SKU #: 737870241065,In Stock
SKU #: 737870241430,In Stock
SKU #: 737870241539,In Stock
SKU #: 737870241614,In Stock
SKU #: 737870241737,In Stock
SKU #: 737870242536,In Stock
SKU #: 737870242895,In Stock
SKU #: 737870302100,In Stock
SKU #: 737870329060,In Stock
SKU #: 737870372103,In Stock
SKU #: 737870373100,In Stock
SKU #: 737870407065,In Stock
SKU #: 737870451105,In Stock
SKU #: 737870454106,In Stock
SKU #: 737870455097,Out of Stock
SKU #: 737870457060,In Stock
SKU #: 737870522102,In Stock
SKU #: 737870700104,In Stock
SKU #: 737870882060,In Stock
SKU #: 737870889069,In Stock
SKU #: 737870925125,In Stock
SKU #: 737870953104,In Stock
SKU #: 737870954101,In Stock
SKU #: 737870972150,In Stock
SKU #: 737870987031,In Stock
SKU #: 741273015000,In Stock
SKU #: 741391953918,In Stock
SKU #: 741391970120,In Stock
SKU #: 741391973817,In Stock
SKU #: 741391973862,In Stock
SKU #: 741391973886,In Stock
SKU #: 741391973923,In Stock
SKU #: 741391973930,In Stock
SKU #: 741391976443,In Stock
SKU #: 741391978621,In Stock
SKU #: 741391978645,In Stock
SKU #: 741391978669,In Stock
SKU #: 741391978683,In Stock
SKU #: 741391980440,In Stock
SKU #: 742797767055,In Stock
SKU #: 742797774657,In Stock
SKU #: 742797774725,In Stock
SKU #: 743474016114,In Stock
SKU #: 743474325742,In Stock
SKU #: 743474913253,In Stock
SKU #: 743474915806,In Stock
SKU #: 743474916001,In Stock
SKU #: 743474999905,In Stock
SKU #: 743474999929,In Stock
SKU #: 743715000490,In Stock
SKU #: 743715000575,In Stock
SKU #: 743715000872,In Stock
SKU #: 743715001923,In Stock
SKU #: 743715001947,In Stock
SKU #: 743715002043,In Stock
SKU #: 743715003194,In Stock
SKU #: 743715004122,In Stock
SKU #: 743715004368,In Stock
SKU #: 743715004429,In Stock
SKU #: 743715004436,In Stock
SKU #: 743715005051,In Stock
SKU #: 743715006508,In Stock
SKU #: 743715006607,In Stock
SKU #: 743715007116,In Stock
SKU #: 743715007123,In Stock
SKU #: 743715007154,In Stock
SKU #: 743715007291,In Stock
SKU #: 743715007307,In Stock
SKU #: 743715007314,In Stock
SKU #: 743715007352,In Stock
SKU #: 743715007406,In Stock
SKU #: 743715009288,In Stock
SKU #: 743715009424,In Stock
SKU #: 743715011205,In Stock
SKU #: 743715011786,In Stock
SKU #: 743715015166,In Stock
SKU #: 743715015616,In Stock
SKU #: 743715015647,In Stock
SKU #: 743715015692,In Stock
SKU #: 743715018709,In Stock
SKU #: 743715020320,In Stock
SKU #: 743715030008,In Stock
SKU #: 743715030039,In Stock
SKU #: 743715030060,In Stock
SKU #: 745998411017,In Stock
SKU #: 745998411055,In Stock
SKU #: 745998500131,In Stock
SKU #: 745998500216,In Stock
SKU #: 745998903345,In Stock
SKU #: 745998903352,In Stock
SKU #: 747479000017,In Stock
SKU #: 747479001151,In Stock
SKU #: 748927020366,In Stock
SKU #: 748927020373,In Stock
SKU #: 748927024241,In Stock
SKU #: 748927025224,In Stock
SKU #: 748927025255,In Stock
SKU #: 748927026276,In Stock
SKU #: 748927026290,In Stock
SKU #: 748927027068,In Stock
SKU #: 748927028614,In Stock
SKU #: 748927028713,In Stock
SKU #: 748927051698,In Stock
SKU #: 748927060690,In Stock
SKU #: 749174096807,In Stock
SKU #: 749174097088,In Stock
SKU #: 750856600182,In Stock
SKU #: 753950000254,In Stock
SKU #: 753950000643,In Stock
SKU #: 753950000704,In Stock
SKU #: 753950000773,In Stock
SKU #: 753950000803,In Stock
SKU #: 753950000810,In Stock
SKU #: 753950000889,In Stock
SKU #: 753950000971,In Stock
SKU #: 753950001053,In Stock
SKU #: 753950001114,Out of Stock
SKU #: 753950001206,In Stock
SKU #: 753950001237,In Stock
SKU #: 753950001299,In Stock
SKU #: 753950001305,In Stock
SKU #: 753950001367,In Stock
SKU #: 753950001435,In Stock
SKU #: 753950001497,In Stock
SKU #: 753950001572,In Stock
SKU #: 753950001633,In Stock
SKU #: 753950001657,In Stock
SKU #: 753950001701,In Stock
SKU #: 753950001848,In Stock
SKU #: 753950001855,In Stock
SKU #: 753950001916,In Stock
SKU #: 753950001923,In Stock
SKU #: 753950001954,In Stock
SKU #: 753950002043,In Stock
SKU #: 753950002142,In Stock
SKU #: 753950002159,In Stock
SKU #: 753950002166,In Stock
SKU #: 753950002180,In Stock
SKU #: 753950002425,In Stock
SKU #: 753950002494,In Stock
SKU #: 753950002531,In Stock
SKU #: 753950002654,In Stock
SKU #: 753950002708,Out of Stock
SKU #: 753950002739,In Stock
SKU #: 753950002777,In Stock
SKU #: 753950003071,In Stock
SKU #: 753950003125,In Stock
SKU #: 753950003293,In Stock
SKU #: 753950003620,In Stock
SKU #: 753950004580,In Stock
SKU #: 753950005655,In Stock
SKU #: 753950005693,In Stock
SKU #: 753950006027,In Stock
SKU #: 757645021425,In Stock
SKU #: 763948032396,In Stock
SKU #: 763948058020,In Stock
SKU #: 763948090013,In Stock
SKU #: 763948090211,In Stock
SKU #: 763948107469,In Stock
SKU #: 768990015007,In Stock
SKU #: 768990015311,In Stock
SKU #: 768990015335,In Stock
SKU #: 768990015700,In Stock
SKU #: 768990016004,In Stock
SKU #: 768990016042,In Stock
SKU #: 768990016707,In Stock
SKU #: 768990016844,In Stock
SKU #: 768990017100,In Stock
SKU #: 768990017209,In Stock
SKU #: 768990017438,In Stock
SKU #: 768990017452,In Stock
SKU #: 768990017506,In Stock
SKU #: 768990017513,In Stock
SKU #: 768990017704,In Stock
SKU #: 768990017759,In Stock
SKU #: 768990018039,In Stock
SKU #: 768990018077,In Stock
SKU #: 768990018169,In Stock
SKU #: 768990018398,In Stock
SKU #: 768990018404,In Stock
SKU #: 768990018732,In Stock
SKU #: 768990018756,In Stock
SKU #: 768990018787,In Stock
SKU #: 768990018909,In Stock
SKU #: 768990021503,In Stock
SKU #: 768990021541,In Stock
SKU #: 768990021558,In Stock
SKU #: 768990027208,In Stock
SKU #: 768990027604,In Stock
SKU #: 768990027611,In Stock
SKU #: 768990027659,In Stock
SKU #: 768990027703,In Stock
SKU #: 768990027758,In Stock
SKU #: 768990027789,In Stock
SKU #: 768990037603,In Stock
SKU #: 768990037702,In Stock
SKU #: 768990061004,In Stock
SKU #: 768990301315,In Stock
SKU #: 768990301407,In Stock
SKU #: 768990301605,In Stock
SKU #: 768990301858,In Stock
SKU #: 768990301865,In Stock
SKU #: 768990301896,In Stock
SKU #: 768990311413,In Stock
SKU #: 768990505058,In Stock
SKU #: 768990505065,In Stock
SKU #: 768990515026,In Stock
SKU #: 768990537868,In Stock
SKU #: 768990537875,In Stock
SKU #: 768990547850,In Stock
SKU #: 768990577857,In Stock
SKU #: 768990578854,In Stock
SKU #: 786306097004,In Stock
SKU #: 786306100704,In Stock
SKU #: 787651760056,In Stock
SKU #: 790011030010,In Stock
SKU #: 790011030041,In Stock
SKU #: 790011030126,In Stock
SKU #: 790011030140,In Stock
SKU #: 790011030249,In Stock
SKU #: 790011030256,In Stock
SKU #: 790011030287,In Stock
SKU #: 790011030300,In Stock
SKU #: 790011030324,In Stock
SKU #: 790011030331,In Stock
SKU #: 790011030416,In Stock
SKU #: 790011030423,In Stock
SKU #: 790011030584,In Stock
SKU #: 790011037132,In Stock
SKU #: 790011037149,In Stock
SKU #: 790011040019,In Stock
SKU #: 790011040033,In Stock
SKU #: 790011040057,In Stock
SKU #: 790011060031,In Stock
SKU #: 790011060123,In Stock
SKU #: 790011060192,In Stock
SKU #: 790011060246,In Stock
SKU #: 790011060253,In Stock
SKU #: 790011060376,In Stock
SKU #: 790011090021,In Stock
SKU #: 790011120155,In Stock
SKU #: 790011130079,In Stock
SKU #: 790011130086,In Stock
SKU #: 790011132196,In Stock
SKU #: 790011140030,In Stock
SKU #: 790011140160,In Stock
SKU #: 790011140290,In Stock
SKU #: 790011140849,In Stock
SKU #: 790011150015,In Stock
SKU #: 790011150350,In Stock
SKU #: 790011150367,In Stock
SKU #: 790011150398,In Stock
SKU #: 790011150510,In Stock
SKU #: 790011160069,In Stock
SKU #: 790011160472,In Stock
SKU #: 790011160564,In Stock
SKU #: 790011170075,In Stock
SKU #: 790011180067,In Stock
SKU #: 790011190028,In Stock
SKU #: 790011190165,In Stock
SKU #: 790011190172,In Stock
SKU #: 790011200109,In Stock
SKU #: 790011200147,In Stock
SKU #: 790011200208,In Stock
SKU #: 790011210030,In Stock
SKU #: 790011230076,In Stock
SKU #: 790011240020,In Stock
SKU #: 790011300014,In Stock
SKU #: 790011300038,In Stock
SKU #: 790011300052,In Stock
SKU #: 790011300069,In Stock
SKU #: 790011300212,In Stock
SKU #: 790011560012,In Stock
SKU #: 790223911787,In Stock
SKU #: 792850136991,In Stock
SKU #: 801541500086,In Stock
SKU #: 801541514861,In Stock
SKU #: 801541519323,In Stock
SKU #: 808124114319,Out of Stock
SKU #: 808124121034,In Stock
SKU #: 808124121638,In Stock
SKU #: 808124141049,In Stock
SKU #: 808124144408,In Stock
SKU #: 808124171084,In Stock
SKU #: 808124174276,In Stock
SKU #: 808124700574,In Stock
SKU #: 810003460561,Out of Stock
SKU #: 810021671734,In Stock
SKU #: 810087820022,In Stock
SKU #: 810087820336,In Stock
SKU #: 810087820343,In Stock
SKU #: 810087820398,In Stock
SKU #: 810165011427,In Stock
SKU #: 810165011953,In Stock
SKU #: 810165014435,In Stock
SKU #: 810165015029,In Stock
SKU #: 810165016248,In Stock
SKU #: 810165016262,In Stock
SKU #: 810165019003,In Stock
SKU #: 810165019041,In Stock
SKU #: 810165019065,In Stock
SKU #: 810165019416,In Stock
SKU #: 810165019720,In Stock
SKU #: 810571030043,In Stock
SKU #: 810571030159,In Stock
SKU #: 810571031323,In Stock
SKU #: 811961020934,In Stock
SKU #: 811961021320,In Stock
SKU #: 813277010685,Out of Stock
SKU #: 813277012191,In Stock
SKU #: 813277012429,In Stock
SKU #: 815074021857,In Stock
SKU #: 815421011227,In Stock
SKU #: 815421011272,In Stock
SKU #: 815421011302,In Stock
SKU #: 815421011906,In Stock
SKU #: 815421011913,In Stock
SKU #: 815421011937,In Stock
SKU #: 815421012118,In Stock
SKU #: 815421012507,In Stock
SKU #: 815421014013,In Stock
SKU #: 815421014204,In Stock
SKU #: 815421018035,In Stock
SKU #: 816401022196,In Stock
SKU #: 816401023278,In Stock
SKU #: 816401025449,In Stock
SKU #: 816401026064,In Stock
SKU #: 817939016503,In Stock
SKU #: 817939018552,Out of Stock
SKU #: 817939018576,In Stock
SKU #: 817939018583,In Stock
SKU #: 817939018590,In Stock
SKU #: 817939018606,In Stock
SKU #: 817939019443,In Stock
SKU #: 819237009782,In Stock
SKU #: 819385023319,In Stock
SKU #: 819385023326,In Stock
SKU #: 819573011753,In Stock
SKU #: 819573013214,In Stock
SKU #: 819573013221,In Stock
SKU #: 819573013276,In Stock
SKU #: 819573013290,In Stock
SKU #: 819573015034,In Stock
SKU #: 819573016376,In Stock
SKU #: 819597014273,In Stock
SKU #: 819597014297,In Stock
SKU #: 819898010158,In Stock
SKU #: 819898010219,In Stock
SKU #: 819898010226,In Stock
SKU #: 819898011094,In Stock
SKU #: 819898014910,In Stock
SKU #: 829262000678,In Stock
SKU #: 829262000692,In Stock
SKU #: 829835000425,In Stock
SKU #: 829835000791,In Stock
SKU #: 829835000869,In Stock
SKU #: 829835933006,In Stock
SKU #: 835003000340,In Stock
SKU #: 835003000463,In Stock
SKU #: 835003000470,In Stock
SKU #: 835003000654,In Stock
SKU #: 835003000661,In Stock
SKU #: 835003000760,In Stock
SKU #: 835003000791,In Stock
SKU #: 835003001026,In Stock
SKU #: 835003001149,In Stock
SKU #: 835003001651,In Stock
SKU #: 835003001736,In Stock
SKU #: 835003001743,In Stock
SKU #: 835003001774,In Stock
SKU #: 835003001804,In Stock
SKU #: 835003002023,In Stock
SKU #: 835003002030,In Stock
SKU #: 835003002177,In Stock
SKU #: 835003002283,In Stock
SKU #: 835003002412,In Stock
SKU #: 835003002528,In Stock
SKU #: 835003002542,In Stock
SKU #: 835003002719,In Stock
SKU #: 835003002962,In Stock
SKU #: 835003003174,In Stock
SKU #: 835003003181,In Stock
SKU #: 835003003518,In Stock
SKU #: 835003004386,In Stock
SKU #: 835003004423,In Stock
SKU #: 835003004478,In Stock
SKU #: 835003005475,In Stock
SKU #: 835003005796,In Stock
SKU #: 835003005888,In Stock
SKU #: 835003005994,In Stock
SKU #: 835003006014,In Stock
SKU #: 835003006045,In Stock
SKU #: 835003006731,In Stock
SKU #: 835003006809,In Stock
SKU #: 835003006984,In Stock
SKU #: 835003007233,In Stock
SKU #: 835003007295,In Stock
SKU #: 835003007325,In Stock
SKU #: 835003007462,In Stock
SKU #: 835003007516,In Stock
SKU #: 835003008018,In Stock
SKU #: 835003008117,In Stock
SKU #: 835003008469,In Stock
SKU #: 835003008568,In Stock
SKU #: 835003008742,In Stock
SKU #: 835003008766,In Stock
SKU #: 835003008827,In Stock
SKU #: 835003009404,In Stock
SKU #: 835003009459,In Stock
SKU #: 835003009800,In Stock
SKU #: 838455000029,In Stock
SKU #: 838455000036,In Stock
SKU #: 838766001395,In Stock
SKU #: 838766004846,In Stock
SKU #: 838766004938,In Stock
SKU #: 838766004983,In Stock
SKU #: 838766005737,In Stock
SKU #: 838766007533,In Stock
SKU #: 838766007540,In Stock
SKU #: 838766008578,In Stock
SKU #: 838766008660,In Stock
SKU #: 838766066516,In Stock
SKU #: 840160200397,In Stock
SKU #: 840160200618,In Stock
SKU #: 840160200625,In Stock
SKU #: 840160201103,In Stock
SKU #: 840160202117,In Stock
SKU #: 840230344044,In Stock
SKU #: 840230344082,In Stock
SKU #: 842096101113,In Stock
SKU #: 842096105036,In Stock
SKU #: 842096107023,In Stock
SKU #: 842096111013,Out of Stock
SKU #: 842234001305,In Stock
SKU #: 843076000235,In Stock
SKU #: 843076000266,In Stock
SKU #: 843076001492,In Stock
SKU #: 843076001591,In Stock
SKU #: 843369101823,In Stock
SKU #: 843536100246,Out of Stock
SKU #: 843536100802,In Stock
SKU #: 843536100819,In Stock
SKU #: 843536105807,In Stock
SKU #: 843536105845,Out of Stock
SKU #: 843536106910,In Stock
SKU #: 844197004140,In Stock
SKU #: 844197010073,In Stock
SKU #: 844197010356,In Stock
SKU #: 844197010639,In Stock
SKU #: 844197010660,In Stock
SKU #: 844197010677,In Stock
SKU #: 844197010714,In Stock
SKU #: 844197010950,In Stock
SKU #: 844197011865,In Stock
SKU #: 844197011926,In Stock
SKU #: 844197013173,In Stock
SKU #: 844197013715,In Stock
SKU #: 844197014248,In Stock
SKU #: 844197014422,In Stock
SKU #: 844197014484,In Stock
SKU #: 844197014569,In Stock
SKU #: 844197014576,In Stock
SKU #: 844197014811,In Stock
SKU #: 844197014866,In Stock
SKU #: 844197014897,In Stock
SKU #: 844197015474,In Stock
SKU #: 844197015511,In Stock
SKU #: 844197015641,In Stock
SKU #: 844197015726,In Stock
SKU #: 844197015764,In Stock
SKU #: 844197015856,In Stock
SKU #: 844197015894,In Stock
SKU #: 844197016013,In Stock
SKU #: 844197016099,In Stock
SKU #: 844197016112,In Stock
SKU #: 844197016136,In Stock
SKU #: 844197016143,In Stock
SKU #: 844197016488,In Stock
SKU #: 844197016815,In Stock
SKU #: 844197016945,In Stock
SKU #: 844197017041,In Stock
SKU #: 844197017218,In Stock
SKU #: 844197017423,In Stock
SKU #: 844197017461,In Stock
SKU #: 844197017621,In Stock
SKU #: 844197020096,In Stock
SKU #: 844197020218,In Stock
SKU #: 844197020478,In Stock
SKU #: 844197020492,In Stock
SKU #: 844197020621,In Stock
SKU #: 844197025466,In Stock
SKU #: 848998041168,In Stock
SKU #: 848998080785,In Stock
SKU #: 850000503373,In Stock
SKU #: 850004462157,In Stock
SKU #: 850004462515,In Stock
SKU #: 850004759271,In Stock
SKU #: 850010613147,In Stock
SKU #: 850010613260,In Stock
SKU #: 850011996928,In Stock
SKU #: 850015510649,In Stock
SKU #: 850015892622,In Stock
SKU #: 850017468085,In Stock
SKU #: 850017468139,In Stock
SKU #: 850017468146,Out of Stock
SKU #: 850017468160,In Stock
SKU #: 850017468313,In Stock
SKU #: 850017468320,In Stock
SKU #: 850017468337,In Stock
SKU #: 850017983373,In Stock
SKU #: 850017983427,In Stock
SKU #: 850017983441,In Stock
SKU #: 850018471657,In Stock
SKU #: 850019568561,In Stock
SKU #: 850019568585,In Stock
SKU #: 850019568882,In Stock
SKU #: 850021522612,In Stock
SKU #: 850029324140,In Stock
SKU #: 850030553249,In Stock
SKU #: 850036700333,In Stock
SKU #: 850036700364,In Stock
SKU #: 850036700425,Out of Stock
SKU #: 850038090937,In Stock
SKU #: 850180006473,In Stock
SKU #: 850180006497,In Stock
SKU #: 850184008404,In Stock
SKU #: 850184008435,In Stock
SKU #: 850232005089,In Stock
SKU #: 850251004179,In Stock
SKU #: 850475006881,In Stock
SKU #: 850502008444,In Stock
SKU #: 850502008956,In Stock
SKU #: 850502008970,In Stock
SKU #: 850502008994,In Stock
SKU #: 850551005937,In Stock
SKU #: 850551005968,In Stock
SKU #: 850687104009,In Stock
SKU #: 851087000250,In Stock
SKU #: 851562007125,In Stock
SKU #: 851562007316,In Stock
SKU #: 851702007008,In Stock
SKU #: 851702007022,In Stock
SKU #: 851702007046,In Stock
SKU #: 851702007367,In Stock
SKU #: 851702007381,In Stock
SKU #: 851702007510,In Stock
SKU #: 851769007027,In Stock
SKU #: 851769007720,In Stock
SKU #: 851770003360,In Stock
SKU #: 851770003957,In Stock
SKU #: 851770003964,In Stock
SKU #: 851770006026,In Stock
SKU #: 851770006033,In Stock
SKU #: 851770006118,In Stock
SKU #: 851770006149,In Stock
SKU #: 851770006156,In Stock
SKU #: 851770006255,In Stock
SKU #: 851770006828,In Stock
SKU #: 852933008024,In Stock
SKU #: 852933008413,In Stock
SKU #: 852933008437,In Stock
SKU #: 852933008987,In Stock
SKU #: 853016002014,In Stock
SKU #: 853218000320,In Stock
SKU #: 853522000825,In Stock
SKU #: 853665005091,In Stock
SKU #: 853807005033,In Stock
SKU #: 853826003577,In Stock
SKU #: 853986008047,In Stock
SKU #: 853986008054,In Stock
SKU #: 854259005251,In Stock
SKU #: 854572007215,In Stock
SKU #: 854693000522,In Stock
SKU #: 855140002144,In Stock
SKU #: 855140002984,In Stock
SKU #: 855188003974,In Stock
SKU #: 855894008973,In Stock
SKU #: 856017003370,In Stock
SKU #: 856017003387,In Stock
SKU #: 856017003400,In Stock
SKU #: 856017003431,In Stock
SKU #: 856069005131,In Stock
SKU #: 856069005155,In Stock
SKU #: 856069005353,In Stock
SKU #: 856069005407,In Stock
SKU #: 856069005742,In Stock
SKU #: 856088003163,In Stock
SKU #: 856088003170,In Stock
SKU #: 856088003316,In Stock
SKU #: 856088003590,In Stock
SKU #: 856088003675,In Stock
SKU #: 856088003743,In Stock
SKU #: 856416000178,Out of Stock
SKU #: 856481003906,In Stock
SKU #: 856584004725,In Stock
SKU #: 856645008419,In Stock
SKU #: 856645008549,In Stock
SKU #: 856645008686,In Stock
SKU #: 856753007106,In Stock
SKU #: 856753007359,In Stock
SKU #: 856753007465,In Stock
SKU #: 856753007748,In Stock
SKU #: 856762007463,In Stock
SKU #: 856762007739,In Stock
SKU #: 856769006452,In Stock
SKU #: 857249001004,In Stock
SKU #: 857249001127,In Stock
SKU #: 857249001134,In Stock
SKU #: 857249001752,In Stock
SKU #: 857668007496,In Stock
SKU #: 857682003887,In Stock
SKU #: 858158005015,In Stock
SKU #: 858158005022,In Stock
SKU #: 858158005121,In Stock
SKU #: 858158015267,In Stock
SKU #: 858158015281,In Stock
SKU #: 858847000802,In Stock
SKU #: 858906004086,In Stock
SKU #: 858982004598,In Stock
SKU #: 858982004949,In Stock
SKU #: 858982004963,In Stock
SKU #: 859220000105,In Stock
SKU #: 859220000310,In Stock
SKU #: 859220000341,In Stock
SKU #: 859220000549,In Stock
SKU #: 859220000938,In Stock
SKU #: 859220010005,In Stock
SKU #: 859220010166,In Stock
SKU #: 859220010180,In Stock
SKU #: 859480006480,In Stock
SKU #: 859480006503,In Stock
SKU #: 860479001546,In Stock
SKU #: 860479001553,In Stock
SKU #: 863737000169,In Stock
SKU #: 865327000122,In Stock
SKU #: 873024001021,In Stock
SKU #: 875534002260,In Stock
SKU #: 875534002406,In Stock
SKU #: 875534002703,In Stock
SKU #: 876063005791,In Stock
SKU #: 879026000062,In Stock
SKU #: 888849000227,In Stock
SKU #: 888849006090,In Stock
SKU #: 888849007684,In Stock
SKU #: 888849008148,In Stock
SKU #: 888849010356,In Stock
SKU #: 888849012183,In Stock
SKU #: 890146001043,In Stock
SKU #: 890146001500,In Stock
SKU #: 891551000478,In Stock
SKU #: 894455000322,In Stock
SKU #: 898440001394,In Stock
SKU #: 899696002210,In Stock
SKU #: 899696002357,In Stock
SKU #: 899696002456,In Stock
SKU #: 899696002661,In Stock
SKU #: 899696002753,Out of Stock
SKU #: 033674147948,In Stock
SKU #: 033674119235,In Stock
SKU #: 074312017995,In Stock
SKU #: 787651760117,In Stock
SKU #: 033674153536,In Stock
SKU #: 033674158647,In Stock
SKU #: 850026260113,In Stock
SKU #: 850232005027,In Stock
SKU #: 033674151440,In Stock
SKU #: 801541107612,In Stock
SKU #: 033674102954,In Stock
SKU #: 033674119259,In Stock
SKU #: 020525107138,Out of Stock
SKU #: 031604028824,In Stock
SKU #: 074312007101,In Stock
SKU #: 074312013805,In Stock
SKU #: 077034013405,In Stock
SKU #: 077326470909,In Stock
SKU #: 305731286731,In Stock
SKU #: 323900039377,In Stock
SKU #: 602652256011,In Stock
SKU #: 631257158093,In Stock
SKU #: 692752121159,Out of Stock
SKU #: 737870173700,In Stock
SKU #: 753950005204,In Stock
SKU #: 763948044030,In Stock
SKU #: 763948049066,In Stock
SKU #: 846675005748,In Stock
SKU #: 850232005485,In Stock
SKU #: 858158005701,In Stock
SKU #: 033984019515,Out of Stock
SKU #: 308078254920,In Stock
SKU #: 033674170007,In Stock
SKU #: 00846675005663,In Stock
SKU #: 011110096326,In Stock
SKU #: 011110854865,In Stock
SKU #: 011110862648,In Stock
SKU #: 011110862686,In Stock
SKU #: 012413260018,In Stock
SKU #: 013562302611,In Stock
SKU #: 015000048341,In Stock
SKU #: 015000937584,In Stock
SKU #: 015794024866,In Stock
SKU #: 015794062929,Out of Stock
SKU #: 015794081906,In Stock
SKU #: 015839008257,In Stock
SKU #: 016000437784,In Stock
SKU #: 016185129429,In Stock
SKU #: 016500541370,In Stock
SKU #: 016500556152,In Stock
SKU #: 016500561644,In Stock
SKU #: 018627703570,In Stock
SKU #: 018787500767,In Stock
SKU #: 018787771327,In Stock
SKU #: 018787775080,In Stock
SKU #: 018787776322,In Stock
SKU #: 018787778326,In Stock
SKU #: 018787784051,In Stock
SKU #: 020525181671,In Stock
SKU #: 020525901255,Out of Stock
SKU #: 020525950697,In Stock
SKU #: 020525974136,In Stock
SKU #: 020525993946,In Stock
SKU #: 020662000378,In Stock
SKU #: 021078000228,In Stock
SKU #: 021078000556,In Stock
SKU #: 021078000679,In Stock
SKU #: 021078001720,In Stock
SKU #: 021078002062,In Stock
SKU #: 021078002321,In Stock
SKU #: 021078002697,In Stock
SKU #: 021078006848,In Stock
SKU #: 021078009597,In Stock
SKU #: 021078013822,In Stock
SKU #: 021078014966,In Stock
SKU #: 021078015918,In Stock
SKU #: 021078016199,In Stock
SKU #: 021078017257,In Stock
SKU #: 021078020851,In Stock
SKU #: 021078022763,In Stock
SKU #: 021078024736,In Stock
SKU #: 021078028024,In Stock
SKU #: 021245134299,In Stock
SKU #: 021245407577,In Stock
SKU #: 021245413691,In Stock
SKU #: 021245772903,In Stock
SKU #: 021888109920,Out of Stock
SKU #: 021888121212,Out of Stock
SKU #: 021888121410,Out of Stock
SKU #: 021888201648,Out of Stock
SKU #: 021888204069,Out of Stock
SKU #: 021888204236,Out of Stock
SKU #: 021888217243,Out of Stock
SKU #: 021888217250,Out of Stock
SKU #: 021888351428,Out of Stock
SKU #: 021888800018,Out of Stock
SKU #: 022318000084,In Stock
SKU #: 023923330115,In Stock
SKU #: 024182000627,In Stock
SKU #: 024182000849,In Stock
SKU #: 024182000894,In Stock
SKU #: 024182000900,In Stock
SKU #: 024182001181,Out of Stock
SKU #: 024182002126,In Stock
SKU #: 024182002256,In Stock
SKU #: 024182011043,In Stock
SKU #: 024182021677,In Stock
SKU #: 024182111149,In Stock
SKU #: 024182111156,In Stock
SKU #: 024182111514,In Stock
SKU #: 024182133608,In Stock
SKU #: 024182157697,In Stock
SKU #: 024182181333,In Stock
SKU #: 024182181562,In Stock
SKU #: 024182210576,In Stock
SKU #: 024182300130,In Stock
SKU #: 024182422160,In Stock
SKU #: 026664220066,In Stock
SKU #: 027434010337,Out of Stock
SKU #: 030768031206,In Stock
SKU #: 030768033040,Out of Stock
SKU #: 030768533007,In Stock
SKU #: 030768534912,In Stock
SKU #: 030768535032,In Stock
SKU #: 031604001001,In Stock
SKU #: 031604001025,In Stock
SKU #: 031604001032,In Stock
SKU #: 031604001711,In Stock
SKU #: 031604002527,In Stock
SKU #: 031604002572,In Stock
SKU #: 031604002589,In Stock
SKU #: 031604002749,In Stock
SKU #: 031604010928,In Stock
SKU #: 031604012694,In Stock
SKU #: 031604012908,In Stock
SKU #: 031604013585,In Stock
SKU #: 031604016500,In Stock
SKU #: 031604017170,In Stock
SKU #: 031604017965,In Stock
SKU #: 031604018702,In Stock
SKU #: 031604018818,In Stock
SKU #: 031604024376,In Stock
SKU #: 031604025762,Out of Stock
SKU #: 031604025854,In Stock
SKU #: 031604026165,In Stock
SKU #: 031604026738,In Stock
SKU #: 031604026745,In Stock
SKU #: 031604026752,In Stock
SKU #: 031604026776,In Stock
SKU #: 031604026820,In Stock
SKU #: 031604027315,In Stock
SKU #: 031604027346,In Stock
SKU #: 031604027780,In Stock
SKU #: 031604027797,In Stock
SKU #: 031604028442,In Stock
SKU #: 031604028862,In Stock
SKU #: 031604029173,In Stock
SKU #: 031604029180,In Stock
SKU #: 031604029531,In Stock
SKU #: 031604030254,In Stock
SKU #: 031604031015,In Stock
SKU #: 031604031947,In Stock
SKU #: 031604032678,In Stock
SKU #: 031604032715,In Stock
SKU #: 031604032876,In Stock
SKU #: 031604041748,In Stock
SKU #: 031604042110,In Stock
SKU #: 031604042127,In Stock
SKU #: 031604042462,In Stock
SKU #: 031604042776,In Stock
SKU #: 031604042967,In Stock
SKU #: 031604043001,Out of Stock
SKU #: 031604043148,In Stock
SKU #: 031604043506,Out of Stock
SKU #: 032917000095,In Stock
SKU #: 032917000170,In Stock
SKU #: 032917000521,In Stock
SKU #: 032917000545,In Stock
SKU #: 032917001597,In Stock
SKU #: 033674069585,In Stock
SKU #: 033674100066,In Stock
SKU #: 033674100080,In Stock
SKU #: 033674100097,In Stock
SKU #: 033674102558,In Stock
SKU #: 033674104835,In Stock
SKU #: 033674105009,In Stock
SKU #: 033674106730,In Stock
SKU #: 033674113004,In Stock
SKU #: 033674115084,In Stock
SKU #: 033674115343,In Stock
SKU #: 033674115374,In Stock
SKU #: 033674117729,In Stock
SKU #: 033674118610,In Stock
SKU #: 033674119266,In Stock
SKU #: 033674119730,In Stock
SKU #: 033674121085,In Stock
SKU #: 033674121146,In Stock
SKU #: 033674122853,In Stock
SKU #: 033674123508,In Stock
SKU #: 033674125007,In Stock
SKU #: 033674127001,In Stock
SKU #: 033674128084,In Stock
SKU #: 033674129005,In Stock
SKU #: 033674130001,In Stock
SKU #: 033674132944,In Stock
SKU #: 033674133002,In Stock
SKU #: 033674133699,In Stock
SKU #: 033674133712,In Stock
SKU #: 033674137017,In Stock
SKU #: 033674137161,In Stock
SKU #: 033674137185,In Stock
SKU #: 033674138007,In Stock
SKU #: 033674139417,In Stock
SKU #: 033674139509,In Stock
SKU #: 033674139813,In Stock
SKU #: 033674139837,In Stock
SKU #: 033674139851,In Stock
SKU #: 033674140406,In Stock
SKU #: 033674140413,In Stock
SKU #: 033674140673,In Stock
SKU #: 033674140697,In Stock
SKU #: 033674141595,In Stock
SKU #: 033674141915,In Stock
SKU #: 033674142103,In Stock
SKU #: 033674142622,In Stock
SKU #: 033674146002,In Stock
SKU #: 033674149270,In Stock
SKU #: 033674149317,In Stock
SKU #: 033674150900,In Stock
SKU #: 033674150924,In Stock
SKU #: 033674151358,In Stock
SKU #: 033674151433,Out of Stock
SKU #: 033674151594,In Stock
SKU #: 033674152515,In Stock
SKU #: 033674152522,In Stock
SKU #: 033674152737,In Stock
SKU #: 033674153116,In Stock
SKU #: 033674153345,In Stock
SKU #: 033674153383,In Stock
SKU #: 033674153505,In Stock
SKU #: 033674153512,In Stock
SKU #: 033674153529,In Stock
SKU #: 033674153956,In Stock
SKU #: 033674154137,In Stock
SKU #: 033674154915,In Stock
SKU #: 033674155189,In Stock
SKU #: 033674156018,In Stock
SKU #: 033674156032,In Stock
SKU #: 033674156117,In Stock
SKU #: 033674156797,In Stock
SKU #: 033674156858,In Stock
SKU #: 033674157701,In Stock
SKU #: 033674157916,In Stock
SKU #: 033674157947,In Stock
SKU #: 033674158173,In Stock
SKU #: 033674158388,In Stock
SKU #: 033674158395,In Stock
SKU #: 033674158586,In Stock
SKU #: 033674158906,In Stock
SKU #: 033674158951,In Stock
SKU #: 033674172001,In Stock
SKU #: 033674177082,In Stock
SKU #: 033674401101,In Stock
SKU #: 033674404607,In Stock
SKU #: 033674405116,In Stock
SKU #: 033674405215,In Stock
SKU #: 033674410714,In Stock
SKU #: 033674414118,In Stock
SKU #: 033674471104,In Stock
SKU #: 033674491119,In Stock
SKU #: 033674601921,In Stock
SKU #: 033674605103,In Stock
SKU #: 033674619001,In Stock
SKU #: 033674620007,In Stock
SKU #: 033674624005,In Stock
SKU #: 033674631003,In Stock
SKU #: 033674637005,In Stock
SKU #: 033674640005,In Stock
SKU #: 033674793206,In Stock
SKU #: 033984000186,Out of Stock
SKU #: 033984000254,Out of Stock
SKU #: 033984000278,Out of Stock
SKU #: 033984000292,Out of Stock
SKU #: 033984001022,Out of Stock
SKU #: 033984001428,Out of Stock
SKU #: 033984002005,Out of Stock
SKU #: 033984002357,Out of Stock
SKU #: 033984002807,In Stock
SKU #: 033984003156,Out of Stock
SKU #: 033984003163,Out of Stock
SKU #: 033984004078,Out of Stock
SKU #: 033984004085,Out of Stock
SKU #: 033984005105,Out of Stock
SKU #: 033984005167,In Stock
SKU #: 033984005181,Out of Stock
SKU #: 033984005198,In Stock
SKU #: 033984005204,Out of Stock
SKU #: 033984006409,Out of Stock
SKU #: 033984006805,In Stock
SKU #: 033984007000,In Stock
SKU #: 033984007017,In Stock
SKU #: 033984007208,In Stock
SKU #: 033984008502,Out of Stock
SKU #: 033984008670,Out of Stock
SKU #: 033984008717,Out of Stock
SKU #: 033984009202,In Stock
SKU #: 033984009219,Out of Stock
SKU #: 033984009493,Out of Stock
SKU #: 033984009547,In Stock
SKU #: 033984009554,Out of Stock
SKU #: 033984009752,In Stock
SKU #: 033984010352,Out of Stock
SKU #: 033984010383,Out of Stock
SKU #: 033984010390,In Stock
SKU #: 033984010819,Out of Stock
SKU #: 033984011618,Out of Stock
SKU #: 033984011663,In Stock
SKU #: 033984012721,Out of Stock
SKU #: 033984013162,Out of Stock
SKU #: 033984013179,Out of Stock
SKU #: 033984013186,Out of Stock
SKU #: 033984014176,Out of Stock
SKU #: 033984014503,Out of Stock
SKU #: 033984014534,In Stock
SKU #: 033984014596,Out of Stock
SKU #: 033984015005,In Stock
SKU #: 033984015951,Out of Stock
SKU #: 033984017542,Out of Stock
SKU #: 033984019416,Out of Stock
SKU #: 033984019454,Out of Stock
SKU #: 033984019591,In Stock
SKU #: 033984020320,Out of Stock
SKU #: 033984020580,In Stock
SKU #: 033984021716,In Stock
SKU #: 033984023154,Out of Stock
SKU #: 033984023253,In Stock
SKU #: 033984024007,Out of Stock
SKU #: 033984024311,In Stock
SKU #: 033984025578,Out of Stock
SKU #: 033984027022,Out of Stock
SKU #: 033984028203,Out of Stock
SKU #: 033984031104,Out of Stock
SKU #: 033984031203,Out of Stock
SKU #: 033984031807,In Stock
SKU #: 033984032613,Out of Stock
SKU #: 033984032804,In Stock
SKU #: 033984033160,Out of Stock
SKU #: 033984033177,Out of Stock
SKU #: 033984033191,Out of Stock
SKU #: 033984035225,In Stock
SKU #: 033984036031,Out of Stock
SKU #: 033984037205,Out of Stock
SKU #: 033984038189,In Stock
SKU #: 033984039155,In Stock
SKU #: 033984041141,In Stock
SKU #: 033984041387,Out of Stock
SKU #: 033984041615,Out of Stock
SKU #: 033984303201,Out of Stock
SKU #: 033984303331,Out of Stock
SKU #: 033984303768,Out of Stock
SKU #: 033984303959,Out of Stock
SKU #: 033984314054,Out of Stock
SKU #: 033984320482,Out of Stock
SKU #: 033984358720,In Stock
SKU #: 033984504974,In Stock
SKU #: 033984512993,Out of Stock
SKU #: 033984523920,In Stock
SKU #: 033984549562,Out of Stock
SKU #: 035000967237,In Stock
SKU #: 035000967657,In Stock
SKU #: 035000968494,In Stock
SKU #: 035000968500,In Stock
SKU #: 035000978622,In Stock
SKU #: 035000978660,In Stock
SKU #: 035000991300,In Stock
SKU #: 039442030320,In Stock
SKU #: 039442033338,In Stock
SKU #: 039978003645,In Stock
SKU #: 039978034533,In Stock
SKU #: 039978054531,In Stock
SKU #: 041954179725,In Stock
SKU #: 042563009069,In Stock
SKU #: 042608470717,In Stock
SKU #: 047868523494,In Stock
SKU #: 049100400761,In Stock
SKU #: 049100401201,In Stock
SKU #: 049100401249,Out of Stock
SKU #: 049100401492,In Stock
SKU #: 051381882617,In Stock
SKU #: 051381911928,In Stock
SKU #: 051494104095,Out of Stock
SKU #: 052200200186,In Stock
SKU #: 054986002534,In Stock
SKU #: 055840403962,In Stock
SKU #: 058449172123,In Stock
SKU #: 058449202219,In Stock
SKU #: 058449211570,Out of Stock
SKU #: 058449212317,In Stock
SKU #: 058449770213,In Stock
SKU #: 058449770503,In Stock
SKU #: 058449771432,In Stock
SKU #: 058449771982,In Stock
SKU #: 058449777656,In Stock
SKU #: 058449870111,In Stock
SKU #: 058449870128,In Stock
SKU #: 058449890072,In Stock
SKU #: 066676290121,In Stock
SKU #: 070074407180,In Stock
SKU #: 070177051143,In Stock
SKU #: 070177067779,In Stock
SKU #: 071012041053,In Stock
SKU #: 071012075232,In Stock
SKU #: 072140003043,In Stock
SKU #: 072140636081,In Stock
SKU #: 072248710164,In Stock
SKU #: 072248710188,In Stock
SKU #: 072457331198,In Stock
SKU #: 073416553002,In Stock
SKU #: 074305060021,In Stock
SKU #: 074306800206,In Stock
SKU #: 074312008092,In Stock
SKU #: 074312008474,In Stock
SKU #: 074312032011,Out of Stock
SKU #: 074312043635,In Stock
SKU #: 074312047503,In Stock
SKU #: 074312055355,In Stock
SKU #: 074312079016,In Stock
SKU #: 074312365515,In Stock
SKU #: 074312589126,In Stock
SKU #: 074312793400,Out of Stock
SKU #: 074333474289,In Stock
SKU #: 074333474319,In Stock
SKU #: 074333474340,In Stock
SKU #: 074333476658,In Stock
SKU #: 076280047721,Out of Stock
SKU #: 076280048001,Out of Stock
SKU #: 076280048025,In Stock
SKU #: 076280082524,Out of Stock
SKU #: 076280746105,In Stock
SKU #: 076630169622,Out of Stock
SKU #: 076630169844,Out of Stock
SKU #: 076950203280,In Stock
SKU #: 076950450080,In Stock
SKU #: 076950450172,In Stock
SKU #: 076950450363,In Stock
SKU #: 077326457832,In Stock
SKU #: 077326460160,In Stock
SKU #: 077326468388,In Stock
SKU #: 077326472477,In Stock
SKU #: 077326612255,In Stock
SKU #: 077326613252,In Stock
SKU #: 077326614259,In Stock
SKU #: 077326830727,In Stock
SKU #: 077326831083,In Stock
SKU #: 077326832929,In Stock
SKU #: 077326835623,In Stock
SKU #: 077326980309,In Stock
SKU #: 078522046172,In Stock
SKU #: 081738363278,In Stock
SKU #: 083000161629,In Stock
SKU #: 084114032409,In Stock
SKU #: 084114123572,In Stock
SKU #: 087052888824,In Stock
SKU #: 088395014611,Out of Stock
SKU #: 088395016813,Out of Stock
SKU #: 088395017162,In Stock
SKU #: 088395041327,Out of Stock
SKU #: 088395052026,Out of Stock
SKU #: 088395172007,Out of Stock
SKU #: 088395172205,Out of Stock
SKU #: 089094022495,In Stock
SKU #: 089094025052,In Stock
SKU #: 089836003430,In Stock
SKU #: 089836007810,In Stock
SKU #: 089836009685,In Stock
SKU #: 089836010216,In Stock
SKU #: 089836025210,In Stock
SKU #: 089836027306,In Stock
SKU #: 089836027726,In Stock
SKU #: 089836186058,In Stock
SKU #: 089836186089,In Stock
SKU #: 089836230812,In Stock
SKU #: 091639010218,In Stock
SKU #: 091639906597,In Stock
SKU #: 10846675010695,In Stock
SKU #: 10846675010718,In Stock
SKU #: 182741000867,In Stock
SKU #: 183405000087,In Stock
SKU #: 183405043565,In Stock
SKU #: 183405043831,Out of Stock
SKU #: 193908002211,In Stock
SKU #: 193908005168,In Stock
SKU #: 20745158500005,In Stock
SKU #: 305731369014,In Stock
SKU #: 305731369151,In Stock
SKU #: 305734755715,In Stock
SKU #: 308078250908,In Stock
SKU #: 308078250977,In Stock
SKU #: 308078253978,In Stock
SKU #: 308079002933,In Stock
SKU #: 308079006931,In Stock
SKU #: 310158259732,Out of Stock
SKU #: 310158259749,Out of Stock
SKU #: 310539029299,Out of Stock
SKU #: 310539029305,Out of Stock
SKU #: 310539029343,Out of Stock
SKU #: 354022107514,In Stock
SKU #: 354022109815,In Stock
SKU #: 354973316218,In Stock
SKU #: 355724001360,In Stock
SKU #: 358008035013,In Stock
SKU #: 359800023215,In Stock
SKU #: 364031300103,In Stock
SKU #: 367703135065,Out of Stock
SKU #: 371401388166,In Stock
SKU #: 371401394167,In Stock
SKU #: 371401894162,In Stock
SKU #: 371401923169,In Stock
SKU #: 4001638098595,In Stock
SKU #: 602652171208,In Stock
SKU #: 602652171505,In Stock
SKU #: 602652171826,In Stock
SKU #: 602652171901,In Stock
SKU #: 602652184031,In Stock
SKU #: 602652199820,In Stock
SKU #: 602652199837,In Stock
SKU #: 602652256004,In Stock
SKU #: 602652260858,In Stock
SKU #: 602652260865,In Stock
SKU #: 602652268199,In Stock
SKU #: 602652270871,In Stock
SKU #: 602652419294,In Stock
SKU #: 602652429637,In Stock
SKU #: 615828889647,In Stock
SKU #: 628240201737,Out of Stock
SKU #: 631257120618,In Stock
SKU #: 631257120984,In Stock
SKU #: 631257121004,In Stock
SKU #: 631257121080,In Stock
SKU #: 631257121127,In Stock
SKU #: 631257121134,In Stock
SKU #: 631257122353,In Stock
SKU #: 631257154071,Out of Stock
SKU #: 631257156730,Out of Stock
SKU #: 631740010129,In Stock
SKU #: 631740010143,In Stock
SKU #: 631740050545,In Stock
SKU #: 637480003155,Out of Stock
SKU #: 637480003230,Out of Stock
SKU #: 637480075053,Out of Stock
SKU #: 637480075282,Out of Stock
SKU #: 645951101811,In Stock
SKU #: 645951480817,In Stock
SKU #: 647303040083,In Stock
SKU #: 647303040182,In Stock
SKU #: 647865904045,In Stock
SKU #: 647865995579,In Stock
SKU #: 647865996019,Out of Stock
SKU #: 657546800535,In Stock
SKU #: 658010111119,Out of Stock
SKU #: 658010111287,In Stock
SKU #: 658010111485,Out of Stock
SKU #: 658010111591,Out of Stock
SKU #: 658010112024,Out of Stock
SKU #: 658010112352,Out of Stock
SKU #: 658010112369,Out of Stock
SKU #: 658010112635,Out of Stock
SKU #: 658010112857,In Stock
SKU #: 658010112888,Out of Stock
SKU #: 658010113359,Out of Stock
SKU #: 658010113366,Out of Stock
SKU #: 658010113670,Out of Stock
SKU #: 658010113762,Out of Stock
SKU #: 658010113809,Out of Stock
SKU #: 658010113816,Out of Stock
SKU #: 658010113878,Out of Stock
SKU #: 658010113908,Out of Stock
SKU #: 658010114028,Out of Stock
SKU #: 658010114035,Out of Stock
SKU #: 658010114196,In Stock
SKU #: 658010114202,Out of Stock
SKU #: 658010114226,Out of Stock
SKU #: 658010114493,Out of Stock
SKU #: 658010115506,In Stock
SKU #: 658010115612,Out of Stock
SKU #: 658010115636,Out of Stock
SKU #: 658010115667,Out of Stock
SKU #: 658010115711,In Stock
SKU #: 658010116503,In Stock
SKU #: 658010116633,Out of Stock
SKU #: 658010117098,In Stock
SKU #: 658010117654,Out of Stock
SKU #: 658010117678,Out of Stock
SKU #: 658010117685,Out of Stock
SKU #: 658010117692,Out of Stock
SKU #: 658010117746,Out of Stock
SKU #: 658010118309,Out of Stock
SKU #: 658010118316,Out of Stock
SKU #: 658010118422,In Stock
SKU #: 658010118590,In Stock
SKU #: 658010118712,In Stock
SKU #: 658010120043,Out of Stock
SKU #: 658010120319,Out of Stock
SKU #: 658010120654,In Stock
SKU #: 658010121279,Out of Stock
SKU #: 658010122146,Out of Stock
SKU #: 658010122153,Out of Stock
SKU #: 658010122207,Out of Stock
SKU #: 658010122788,In Stock
SKU #: 658010122801,In Stock
SKU #: 658010122931,In Stock
SKU #: 658010122986,In Stock
SKU #: 658010123075,Out of Stock
SKU #: 658010123204,In Stock
SKU #: 658010123341,Out of Stock
SKU #: 658010124478,In Stock
SKU #: 658010124614,Out of Stock
SKU #: 658010125215,Out of Stock
SKU #: 658010125239,Out of Stock
SKU #: 658010125277,Out of Stock
SKU #: 658010127103,In Stock
SKU #: 658010127165,Out of Stock
SKU #: 658010130547,In Stock
SKU #: 658010131407,Out of Stock
SKU #: 658010131773,Out of Stock
SKU #: 658010131797,Out of Stock
SKU #: 658010132695,In Stock
SKU #: 658010133326,Out of Stock
SKU #: 660726265048,In Stock
SKU #: 665553228372,In Stock
SKU #: 666183613750,In Stock
SKU #: 675625385278,In Stock
SKU #: 677294991033,In Stock
SKU #: 677294993020,In Stock
SKU #: 687735626226,In Stock
SKU #: 687735626271,In Stock
SKU #: 687735626370,In Stock
SKU #: 689191512013,In Stock
SKU #: 692752000102,Out of Stock
SKU #: 692752000317,Out of Stock
SKU #: 692752100123,Out of Stock
SKU #: 692752103520,In Stock
SKU #: 692752105371,In Stock
SKU #: 692752108846,Out of Stock
SKU #: 692752108907,In Stock
SKU #: 692752109478,Out of Stock
SKU #: 692752113703,Out of Stock
SKU #: 692752113826,In Stock
SKU #: 692752200014,In Stock
SKU #: 692752200021,In Stock
SKU #: 692752200038,In Stock
SKU #: 692752311147,Out of Stock
SKU #: 693465425114,In Stock
SKU #: 693465455111,In Stock
SKU #: 697658202032,In Stock
SKU #: 697658691034,In Stock
SKU #: 697658692222,In Stock
SKU #: 697658692239,In Stock
SKU #: 701619102016,In Stock
SKU #: 704142000439,In Stock
SKU #: 705016331505,Out of Stock
SKU #: 705016331529,Out of Stock
SKU #: 705875100267,In Stock
SKU #: 706195000701,In Stock
SKU #: 706195000916,Out of Stock
SKU #: 707359103818,Out of Stock
SKU #: 707359118119,Out of Stock
SKU #: 707359128118,In Stock
