SKU #: 183405043718,In Stock
SKU #: 354973325715,In Stock
SKU #: 603573153083,In Stock
SKU #: 626232140989,In Stock
SKU #: 626232166156,In Stock
SKU #: 631257159847,In Stock
SKU #: 631257560247,In Stock
SKU #: 637480001038,In Stock
SKU #: 637480006835,In Stock
SKU #: 645951164120,In Stock
SKU #: 658010114158,In Stock
SKU #: 658010115681,In Stock
SKU #: 658010116657,In Stock
SKU #: 658010117739,In Stock
SKU #: 658010118279,In Stock
SKU not found,In Stock
SKU #: 658010120067,In Stock
SKU #: 658010120272,In Stock
SKU #: 658010120425,In Stock
SKU #: 658010121873,In Stock
SKU not found,In Stock
SKU #: 658010128209,In Stock
SKU #: 658010130790,In Stock
SKU #: 687735305695,In Stock
SKU #: 689269001067,In Stock
SKU #: 706195000381,In Stock
SKU #: 706195004204,In Stock
SKU #: 707359103672,In Stock
SKU #: 707359131217,In Stock
SKU #: 707359133488,In Stock
SKU not found,In Stock
SKU #: 727783050021,In Stock
SKU not found,In Stock
SKU #: 732913221707,In Stock
SKU #: 737870084457,In Stock
SKU #: 737870132714,In Stock
SKU #: 737870139362,In Stock
SKU #: 737870147695,In Stock
SKU #: 737870165835,In Stock
SKU #: 737870170662,In Stock
SKU #: 737870172710,In Stock
SKU #: 737870180432,In Stock
SKU #: 737870190431,In Stock
SKU #: 737870191339,In Stock
SKU #: 737870193913,In Stock
SKU #: 737870200369,In Stock
SKU #: 737870202967,In Stock
SKU #: 737870225034,In Stock
SKU #: 737870230403,In Stock
SKU #: 737870231417,In Stock
SKU #: 737870233435,In Stock
SKU #: 737870239666,In Stock
SKU #: 737870242468,In Stock
SKU #: 737870242635,In Stock
SKU #: 737870249764,In Stock
SKU #: 737870251033,In Stock
SKU #: 737870372103,In Stock
SKU #: 737870407065,In Stock
SKU #: 737870862062,In Stock
SKU #: 737870888062,In Stock
SKU #: 737870920120,In Stock
SKU #: 737870925125,In Stock
SKU #: 737870965039,In Stock
SKU #: 741273015314,In Stock
SKU #: 742797774657,Out of Stock
SKU #: 743474993200,In Stock
SKU #: 743715003194,In Stock
SKU #: 743715005648,In Stock
SKU #: 743715007376,In Stock
SKU #: 743715009431,In Stock
SKU #: 748927024180,In Stock
SKU #: 748927026399,In Stock
SKU #: 748927028614,In Stock
SKU #: 748927052237,In Stock
SKU #: 753950000292,In Stock
SKU #: 753950001077,In Stock
SKU #: 753950001251,In Stock
SKU #: 753950005730,In Stock
SKU #: 768990018084,In Stock
SKU #: 768990301261,In Stock
SKU #: 768990505027,In Stock
SKU #: 786306100704,In Stock
SKU #: 790011030140,In Stock
SKU #: 790011030218,In Stock
SKU #: 790011030409,In Stock
SKU #: 790011140764,In Stock
SKU #: 790011290605,In Stock
SKU #: 790011300052,In Stock
SKU #: 810165011953,In Stock
SKU #: 810165014435,In Stock
SKU #: 810165019065,In Stock
SKU #: 810165019713,In Stock
SKU #: 815421011234,In Stock
SKU #: 815421012538,In Stock
SKU #: 815709021344,In Stock
SKU #: 817939000052,In Stock
SKU #: 829262000678,In Stock
SKU #: 829835004089,In Stock
SKU not found,In Stock
SKU #: 844197015801,In Stock
SKU #: 844197019656,In Stock
SKU #: 850000503137,In Stock
SKU #: 850000503465,In Stock
SKU #: 850010613284,In Stock
SKU #: 850010613406,In Stock
SKU #: 850017983427,In Stock
SKU #: 851562007132,In Stock
SKU #: 851770003360,In Stock
SKU #: 851770006842,In Stock
SKU #: 851770007375,In Stock
SKU #: 851770007603,In Stock
SKU #: 857682003863,In Stock
SKU #: 857682003887,In Stock
SKU #: 859220000242,In Stock
SKU #: 873024001304,In Stock
SKU #: 876063005791,In Stock
SKU #: 879026000062,In Stock
SKU #: 892392002003,In Stock
SKU #: 899696002913,In Stock
SKU #: 637480065047,In Stock
SKU #: 10039978015836,In Stock
SKU #: 10850016323481,In Stock
SKU #: 10850016323498,In Stock
SKU #: 180530000821,In Stock
SKU #: 180999001001,In Stock
SKU #: 180999001506,In Stock
SKU #: 183405000001,In Stock
SKU #: 183405000025,In Stock
SKU #: 183405000094,In Stock
SKU #: 183405000117,In Stock
SKU #: 183405000148,In Stock
SKU #: 183405000636,In Stock
SKU #: 183405000988,In Stock
SKU #: 183405043084,In Stock
SKU #: 183405043091,In Stock
SKU #: 183405043442,In Stock
SKU #: 183405043459,In Stock
SKU #: 183405043497,In Stock
SKU #: 183405043503,In Stock
SKU #: 183405043510,In Stock
SKU #: 183405043527,In Stock
SKU #: 183405043541,In Stock
SKU #: 183405043558,In Stock
SKU #: 183405043565,In Stock
SKU #: 183405043619,In Stock
SKU #: 183405043800,In Stock
SKU #: 183405043817,In Stock
SKU #: 183405043824,In Stock
SKU #: 183405043992,In Stock
SKU #: 185255000576,In Stock
SKU #: 185255000583,In Stock
SKU #: 185255000590,In Stock
SKU #: 185255000606,In Stock
SKU #: 185255000620,In Stock
SKU #: 193908005168,In Stock
SKU #: 20850016323099,In Stock
SKU #: 20850016323174,In Stock
SKU #: 305734758501,In Stock
SKU #: 305735568192,In Stock
SKU #: 305735569199,In Stock
SKU #: 308078253909,In Stock
SKU #: 308079009901,In Stock
SKU #: 310158134008,In Stock
SKU #: 354973309319,In Stock
SKU #: 354973311428,In Stock
SKU #: 354973325777,In Stock
SKU #: 354973333116,In Stock
SKU #: 354973335219,In Stock
SKU #: 354973403017,In Stock
SKU #: 354973408616,In Stock
SKU #: 354973409118,In Stock
SKU #: 354973409415,In Stock
SKU #: 355724001360,In Stock
SKU #: 358008035501,In Stock
SKU #: 364031300103,In Stock
SKU #: 367703201166,In Stock
SKU #: 381370014188,In Stock
SKU #: 381371181421,In Stock
SKU #: 381371196968,In Stock
SKU #: 4001638081863,In Stock
SKU not found,In Stock
SKU #: 5425018610860,In Stock
SKU #: 5425018611225,In Stock
SKU #: 602652171611,In Stock
SKU #: 602652171819,In Stock
SKU #: 602652419300,In Stock
SKU #: 602652429941,In Stock
SKU #: 602652432873,In Stock
SKU #: 603573150914,In Stock
SKU #: 603573151508,In Stock
SKU #: 603573153410,In Stock
SKU #: 603573153533,In Stock
SKU #: 603573153564,In Stock
SKU #: 603573153762,In Stock
SKU #: 603573164751,In Stock
SKU #: 603573164782,In Stock
SKU #: 603573251574,In Stock
SKU #: 603573251604,In Stock
SKU #: 603573350239,In Stock
SKU #: 603573364915,In Stock
SKU #: 603573413729,In Stock
SKU #: 603573413736,In Stock
SKU #: 603573555184,In Stock
SKU #: 603573849160,In Stock
SKU #: 603573849252,In Stock
SKU #: 603573849283,In Stock
SKU #: 603573882372,In Stock
SKU #: 603573882396,In Stock
SKU #: 615357120471,In Stock
SKU #: 626232101805,In Stock
SKU #: 626232112931,In Stock
SKU #: 626232112948,In Stock
SKU #: 626232115178,In Stock
SKU #: 626232115185,In Stock
SKU #: 626232120332,In Stock
SKU #: 626232131703,In Stock
SKU #: 626232140675,In Stock
SKU #: 626232140682,In Stock
SKU #: 626232140903,In Stock
SKU #: 626232140927,In Stock
SKU #: 626232160383,In Stock
SKU #: 626232166231,In Stock
SKU #: 626232170016,In Stock
SKU #: 626232181739,In Stock
SKU #: 626232213188,In Stock
SKU #: 626232213928,In Stock
SKU #: 626232608410,In Stock
SKU #: 631257120618,In Stock
SKU #: 631257120694,In Stock
SKU #: 631257120977,In Stock
SKU #: 631257120984,In Stock
SKU #: 631257121011,In Stock
SKU #: 631257121035,In Stock
SKU #: 631257121066,In Stock
SKU #: 631257121127,In Stock
SKU #: 631257121134,In Stock
SKU #: 631257121196,In Stock
SKU #: 631257121202,In Stock
SKU #: 631257121226,In Stock
SKU #: 631257121240,In Stock
SKU #: 631257121257,In Stock
SKU #: 631257153555,In Stock
SKU #: 631257154057,In Stock
SKU #: 631257154330,In Stock
SKU #: 631257155795,In Stock
SKU #: 631257158635,In Stock
SKU #: 631257159779,In Stock
SKU #: 631257159786,In Stock
SKU #: 631257159809,In Stock
SKU #: 631257159830,In Stock
SKU #: 631257347299,In Stock
SKU #: 631257355553,In Stock
SKU #: 631257534408,In Stock
SKU #: 631257534507,In Stock
SKU #: 631257534699,In Stock
SKU #: 631257534897,In Stock
SKU #: 634084125023,In Stock
SKU #: 634084225709,In Stock
SKU #: 634084270020,In Stock
SKU #: 635824002345,In Stock
SKU #: 637480000666,In Stock
SKU #: 637480003131,In Stock
SKU #: 637480003216,In Stock
SKU #: 637480004817,In Stock
SKU #: 637480025539,In Stock
SKU #: 637480031554,In Stock
SKU #: 637480034449,In Stock
SKU #: 637480035026,In Stock
SKU #: 637480045049,In Stock
SKU #: 637480046596,In Stock
SKU #: 637480054010,In Stock
SKU #: 637480056045,In Stock
SKU #: 637480064187,In Stock
SKU #: 637480065016,In Stock
SKU #: 637480065108,In Stock
SKU #: 637480065139,In Stock
SKU #: 637480065146,In Stock
SKU #: 637480070515,In Stock
SKU #: 637480075053,In Stock
SKU #: 637480075206,In Stock
SKU #: 637480075282,In Stock
SKU #: 637480075428,In Stock
SKU #: 637480075756,In Stock
SKU #: 637480077057,In Stock
SKU #: 637480084314,In Stock
SKU #: 647303010062,In Stock
SKU #: 647303040083,In Stock
SKU #: 647865962991,In Stock
SKU #: 658010111126,In Stock
SKU #: 658010111256,In Stock
SKU #: 658010111546,In Stock
SKU #: 658010113335,In Stock
SKU #: 658010113373,In Stock
SKU #: 658010113687,In Stock
SKU #: 658010113700,In Stock
SKU #: 658010113717,In Stock
SKU #: 658010113762,In Stock
SKU #: 658010113793,In Stock
SKU #: 658010114134,In Stock
SKU #: 658010114172,In Stock
SKU #: 658010115926,In Stock
SKU #: 658010115940,In Stock
SKU #: 658010115964,In Stock
SKU #: 658010116046,In Stock
SKU #: 658010116060,In Stock
SKU #: 658010116114,In Stock
SKU #: 658010116152,In Stock
SKU #: 658010116244,In Stock
SKU #: 658010116527,In Stock
SKU #: 658010116558,In Stock
SKU #: 658010117159,In Stock
SKU #: 658010117456,In Stock
SKU #: 658010117678,In Stock
SKU #: 658010117746,In Stock
SKU #: 658010117760,In Stock
SKU #: 658010117777,In Stock
SKU #: 658010117784,In Stock
SKU #: 658010118064,In Stock
SKU #: 658010118323,In Stock
SKU #: 658010118347,In Stock
SKU #: 658010118699,In Stock
SKU #: 658010119412,In Stock
SKU #: 658010119436,In Stock
SKU #: 658010119467,In Stock
SKU #: 658010120302,In Stock
SKU #: 658010121774,In Stock
SKU #: 658010121781,In Stock
SKU #: 658010122146,In Stock
SKU #: 658010122238,In Stock
SKU #: 658010122771,In Stock
SKU #: 658010122917,In Stock
SKU #: 658010122924,In Stock
SKU #: 658010123211,In Stock
SKU #: 658010124522,In Stock
SKU #: 658010124553,In Stock
SKU #: 658010124591,In Stock
SKU #: 658010124706,In Stock
SKU #: 658010124713,In Stock
SKU #: 658010125192,In Stock
SKU #: 658010125222,In Stock
SKU #: 658010125246,In Stock
SKU #: 658010127080,In Stock
SKU #: 658010127134,In Stock
SKU #: 658010127158,In Stock
SKU not found,In Stock
SKU #: 658010130745,In Stock
SKU #: 658010133265,In Stock
SKU #: 658010133296,In Stock
SKU #: 658010133302,In Stock
SKU #: 658010133333,In Stock
SKU #: 660726503102,In Stock
SKU #: 660726503164,In Stock
SKU #: 660726503201,In Stock
SKU #: 660726534113,In Stock
SKU #: 660726534205,In Stock
SKU #: 660726534212,In Stock
SKU #: 660726803608,In Stock
SKU #: 661176010066,In Stock
SKU #: 661176011322,In Stock
SKU #: 665553228365,In Stock
SKU #: 675625104039,In Stock
SKU #: 675625354014,In Stock
SKU #: 675625360060,In Stock
SKU #: 675625390272,In Stock
SKU #: 687456213057,In Stock
SKU #: 687456213064,In Stock
SKU #: 687456213088,In Stock
SKU #: 687456213286,In Stock
SKU #: 687456213743,In Stock
SKU #: 687456224107,In Stock
SKU #: 689269451091,In Stock
SKU #: 689269452265,In Stock
SKU #: 689269452425,In Stock
SKU #: 692752103117,In Stock
SKU #: 692752113789,In Stock
SKU #: 692752200052,In Stock
SKU #: 704142000484,In Stock
SKU #: 704142000606,In Stock
SKU #: 705016226085,In Stock
SKU #: 705016331291,In Stock
SKU #: 705016560073,In Stock
SKU #: 705016560080,In Stock
SKU #: 706195000183,In Stock
SKU #: 706195000190,In Stock
SKU #: 706195000251,In Stock
SKU #: 706195000329,In Stock
SKU #: 706195000411,In Stock
SKU #: 706195000480,In Stock
SKU #: 706195000510,In Stock
SKU #: 706195000527,In Stock
SKU #: 706195000602,In Stock
SKU #: 706195000701,In Stock
SKU #: 706195000732,In Stock
SKU #: 706195000855,In Stock
SKU #: 706195000909,In Stock
SKU #: 706195001036,In Stock
SKU #: 706195001128,In Stock
SKU #: 706195001265,In Stock
SKU #: 706195001715,In Stock
SKU #: 706195001937,In Stock
SKU #: 706195001982,In Stock
SKU #: 706195002071,In Stock
SKU #: 706195002262,In Stock
SKU #: 706195002279,In Stock
SKU #: 706195003016,In Stock
SKU #: 706195003030,In Stock
SKU #: 706195003078,In Stock
SKU #: 706195003153,In Stock
SKU #: 706195003252,In Stock
SKU #: 706195003320,In Stock
SKU #: 706195003375,In Stock
SKU #: 706195003474,In Stock
SKU #: 706195004020,In Stock
SKU #: 706195004051,In Stock
SKU #: 706195004075,In Stock
SKU #: 706195004082,In Stock
SKU #: 706195004105,In Stock
SKU #: 706195004112,In Stock
SKU #: 706195004136,In Stock
SKU #: 706195004143,In Stock
SKU #: 706195004150,In Stock
SKU #: 706195004181,In Stock
SKU #: 706195004198,In Stock
SKU #: 706195004297,In Stock
SKU #: 706195004303,In Stock
SKU #: 706195004327,In Stock
SKU #: 706195004419,In Stock
SKU #: 706195004426,In Stock
SKU #: 706195004501,In Stock
SKU #: 706195004617,In Stock
SKU #: 706195004648,In Stock
SKU #: 706195004686,In Stock
SKU #: 706195004693,In Stock
SKU #: 706195106069,In Stock
SKU #: 706195106106,In Stock
SKU #: 707359100725,In Stock
SKU #: 707359100855,In Stock
SKU #: 707359101425,In Stock
SKU #: 707359101692,In Stock
SKU #: 707359103405,In Stock
SKU #: 707359103658,In Stock
SKU #: 707359103719,In Stock
SKU #: 707359103764,In Stock
SKU #: 707359104068,In Stock
SKU #: 707359105294,In Stock
SKU #: 707359106901,In Stock
SKU #: 707359112902,In Stock
SKU #: 707359114852,In Stock
SKU #: 707359115545,In Stock
SKU #: 707359116122,In Stock
SKU #: 707359116252,In Stock
SKU #: 707359116498,In Stock
SKU #: 707359116610,In Stock
SKU #: 707359121294,In Stock
SKU #: 707359129122,In Stock
SKU #: 707359129191,In Stock
SKU #: 707359129238,In Stock
SKU #: 707359129436,In Stock
SKU #: 707359129573,In Stock
SKU #: 707359129634,In Stock
SKU #: 707359130463,In Stock
SKU #: 707359131224,In Stock
SKU #: 707359131347,In Stock
SKU #: 707359131552,In Stock
SKU #: 707359131682,In Stock
SKU #: 707359131750,In Stock
SKU #: 707359132085,In Stock
SKU #: 707359133211,In Stock
SKU #: 707359133402,In Stock
SKU #: 707359133686,In Stock
SKU #: 707359133839,In Stock
SKU #: 707359135000,In Stock
SKU #: 707359135574,In Stock
SKU #: 707359137882,In Stock
SKU #: 707359146426,In Stock
SKU #: 707359147041,In Stock
SKU #: 707359147393,In Stock
SKU #: 707359149366,In Stock
SKU #: 708163114878,In Stock
SKU #: 708163118340,In Stock
SKU #: 708163118371,In Stock
SKU #: 708163118531,In Stock
SKU #: 708163120244,In Stock
SKU #: 708163120978,In Stock
SKU #: 708163123092,In Stock
SKU #: 708163127014,In Stock
SKU #: 708163211058,In Stock
SKU #: 708163213052,In Stock
SKU #: 708163972058,In Stock
SKU #: 708163981050,In Stock
SKU #: 711381020951,In Stock
SKU #: 711381021002,In Stock
SKU #: 711381021941,In Stock
SKU #: 711381022269,In Stock
SKU #: 711381024744,In Stock
SKU #: 711381030615,In Stock
SKU #: 711381031438,In Stock
SKU #: 711381033135,In Stock
SKU #: 711381312377,In Stock
SKU #: 711381313930,In Stock
SKU #: 711381325568,In Stock
SKU #: 711381333822,In Stock
SKU #: 716123125659,In Stock
SKU #: 718334221113,In Stock
SKU #: 718334331355,In Stock
SKU #: 718334334080,In Stock
SKU #: 720379504014,In Stock
SKU #: 722252168504,In Stock
SKU #: 722252191106,In Stock
SKU #: 722252192035,In Stock
SKU #: 722252192042,In Stock
SKU #: 722252203304,In Stock
SKU #: 722252204103,In Stock
SKU #: 722252313225,In Stock
SKU #: 722252315755,In Stock
SKU #: 722252329578,In Stock
SKU #: 722252380654,In Stock
SKU #: 722252387240,Out of Stock
SKU #: 722252438249,In Stock
SKU #: 722252600424,In Stock
SKU #: 722252600554,In Stock
SKU #: 722252611314,In Stock
SKU #: 722252660077,In Stock
SKU #: 722252661036,In Stock
SKU #: 727783003027,In Stock
SKU not found,In Stock
SKU #: 727783003386,In Stock
SKU #: 727783003621,In Stock
SKU #: 727783003669,In Stock
SKU #: 727783003690,In Stock
SKU #: 727783004062,In Stock
SKU #: 727783004079,In Stock
SKU #: 727783004086,In Stock
SKU #: 727783050007,In Stock
SKU #: 727783050014,In Stock
SKU #: 727783050038,In Stock
SKU #: 727783050168,In Stock
SKU not found,In Stock
SKU not found,In Stock
SKU #: 727783900913,In Stock
SKU #: 727783901163,In Stock
SKU #: 727783901224,In Stock
SKU #: 727783901514,In Stock
SKU #: 727783901958,In Stock
SKU #: 727783902580,In Stock
SKU #: 727783902603,In Stock
SKU #: 727783902627,In Stock
SKU #: 727783903686,In Stock
SKU #: 728229014317,In Stock
SKU #: 728229014522,In Stock
SKU #: 728229014799,Out of Stock
SKU #: 728997172004,In Stock
SKU #: 728997260015,In Stock
SKU #: 729906119448,In Stock
SKU #: 729906510016,In Stock
SKU #: 732148120028,In Stock
SKU #: 732148350074,In Stock
SKU #: 732148352337,In Stock
SKU #: 732148353006,In Stock
SKU #: 732913221516,In Stock
SKU #: 732913227013,In Stock
SKU #: 732913228133,In Stock
SKU #: 732913228270,In Stock
SKU #: 732913449866,In Stock
SKU #: 732913450756,In Stock
SKU #: 732913451746,In Stock
SKU #: 732913451784,In Stock
SKU #: 732913451814,In Stock
SKU #: 732913451845,In Stock
SKU #: 732913451951,In Stock
SKU #: 735546331225,In Stock
SKU #: 737870020165,In Stock
SKU #: 737870038153,In Stock
SKU #: 737870109761,In Stock
SKU #: 737870120360,In Stock
SKU #: 737870120964,In Stock
SKU #: 737870121466,In Stock
SKU #: 737870125396,In Stock
SKU #: 737870130963,In Stock
SKU #: 737870133308,In Stock
SKU #: 737870140061,In Stock
SKU #: 737870142461,In Stock
SKU #: 737870142515,In Stock
SKU #: 737870142669,In Stock
SKU #: 737870142737,In Stock
SKU #: 737870143123,In Stock
SKU #: 737870143734,In Stock
SKU #: 737870143864,In Stock
SKU #: 737870145912,In Stock
SKU #: 737870146865,In Stock
SKU #: 737870146964,In Stock
SKU #: 737870147336,In Stock
SKU #: 737870150039,In Stock
SKU #: 737870151135,In Stock
SKU #: 737870151364,In Stock
SKU #: 737870151432,In Stock
SKU #: 737870152262,In Stock
SKU #: 737870152767,In Stock
SKU #: 737870153313,In Stock
SKU #: 737870153764,In Stock
SKU #: 737870154112,In Stock
SKU #: 737870154365,In Stock
SKU #: 737870157113,In Stock
SKU #: 737870160038,In Stock
SKU #: 737870160397,In Stock
SKU #: 737870162261,In Stock
SKU #: 737870162803,In Stock
SKU #: 737870163008,In Stock
SKU #: 737870163961,In Stock
SKU #: 737870164036,In Stock
SKU #: 737870164739,In Stock
SKU #: 737870164968,In Stock
SKU #: 737870165965,In Stock
SKU #: 737870166818,In Stock
SKU #: 737870167112,In Stock
SKU #: 737870167617,In Stock
SKU #: 737870167716,In Stock
SKU #: 737870168164,In Stock
SKU #: 737870170099,In Stock
SKU #: 737870170860,In Stock
SKU #: 737870170969,In Stock
SKU #: 737870171867,In Stock
SKU #: 737870172291,In Stock
SKU #: 737870172611,In Stock
SKU #: 737870173335,In Stock
SKU #: 737870173618,In Stock
SKU #: 737870175124,In Stock
SKU #: 737870175865,In Stock
SKU #: 737870177814,In Stock
SKU #: 737870178712,In Stock
SKU #: 737870178934,In Stock
SKU #: 737870180364,In Stock
SKU #: 737870180593,In Stock
SKU #: 737870181163,In Stock
SKU #: 737870181231,In Stock
SKU #: 737870182160,In Stock
SKU #: 737870182535,In Stock
SKU #: 737870182795,In Stock
SKU #: 737870182863,In Stock
SKU #: 737870184294,In Stock
SKU #: 737870185963,In Stock
SKU #: 737870186939,In Stock
SKU not found,In Stock
SKU #: 737870190332,In Stock
SKU #: 737870190936,In Stock
SKU #: 737870191834,In Stock
SKU #: 737870192169,In Stock
SKU #: 737870192961,In Stock
SKU #: 737870193692,In Stock
SKU #: 737870193715,In Stock
SKU #: 737870194569,In Stock
SKU #: 737870197492,In Stock
SKU #: 737870198413,In Stock
SKU #: 737870198567,In Stock
SKU #: 737870200437,In Stock
SKU #: 737870200567,In Stock
SKU #: 737870200666,In Stock
SKU #: 737870201861,In Stock
SKU #: 737870202165,In Stock
SKU #: 737870202264,In Stock
SKU #: 737870202462,In Stock
SKU #: 737870203292,In Stock
SKU #: 737870207061,In Stock
SKU #: 737870207566,In Stock
SKU #: 737870209638,In Stock
SKU #: 737870210238,In Stock
SKU #: 737870212034,In Stock
SKU #: 737870212164,In Stock
SKU #: 737870212232,In Stock
SKU #: 737870212300,In Stock
SKU #: 737870212539,In Stock
SKU #: 737870213123,In Stock
SKU #: 737870213833,In Stock
SKU #: 737870217114,In Stock
SKU #: 737870217633,In Stock
SKU #: 737870219910,In Stock
SKU #: 737870220268,In Stock
SKU #: 737870220367,In Stock
SKU #: 737870221838,In Stock
SKU #: 737870223061,In Stock
SKU #: 737870223160,In Stock
SKU #: 737870223214,In Stock
SKU #: 737870223429,In Stock
SKU #: 737870224419,In Stock
SKU #: 737870227038,In Stock
SKU #: 737870230632,In Stock
SKU #: 737870230960,In Stock
SKU #: 737870231233,In Stock
SKU #: 737870231363,In Stock
SKU #: 737870231516,In Stock
SKU #: 737870231769,In Stock
SKU not found,In Stock
SKU #: 737870232131,In Stock
SKU #: 737870232360,In Stock
SKU #: 737870234432,In Stock
SKU #: 737870236436,In Stock
SKU #: 737870236528,In Stock
SKU not found,In Stock
SKU #: 737870239765,In Stock
SKU #: 737870240808,In Stock
SKU #: 737870241065,In Stock
SKU #: 737870241430,In Stock
SKU #: 737870241539,In Stock
SKU #: 737870241614,In Stock
SKU #: 737870241737,In Stock
SKU #: 737870242536,In Stock
SKU #: 737870242895,In Stock
SKU #: 737870302100,In Stock
SKU #: 737870329060,In Stock
SKU #: 737870373100,In Stock
SKU #: 737870451105,In Stock
SKU #: 737870454106,In Stock
SKU #: 737870457060,In Stock
SKU #: 737870522102,In Stock
SKU #: 737870700104,In Stock
SKU #: 737870882060,In Stock
SKU #: 737870889069,In Stock
SKU #: 737870953104,In Stock
SKU #: 737870954101,In Stock
SKU #: 737870972150,In Stock
SKU #: 737870987031,In Stock
SKU #: 741273015000,In Stock
SKU #: 741391953918,In Stock
SKU #: 741391970120,In Stock
SKU #: 741391973817,In Stock
SKU #: 741391973862,In Stock
SKU #: 741391973886,In Stock
SKU #: 741391973923,In Stock
SKU #: 741391973930,In Stock
SKU #: 741391976443,In Stock
SKU #: 741391978621,In Stock
SKU #: 741391978645,In Stock
SKU #: 741391978669,In Stock
SKU #: 741391978683,In Stock
SKU #: 741391980440,In Stock
SKU #: 742797767055,In Stock
SKU #: 742797774725,In Stock
SKU #: 743474016114,In Stock
SKU #: 743474325742,In Stock
SKU #: 743474913253,In Stock
SKU #: 743474915806,In Stock
SKU #: 743474916001,In Stock
SKU #: 743474999905,In Stock
SKU #: 743474999929,In Stock
SKU #: 743715000490,In Stock
SKU #: 743715000575,In Stock
SKU #: 743715000872,In Stock
SKU #: 743715001923,In Stock
SKU #: 743715001947,In Stock
SKU #: 743715002043,In Stock
SKU #: 743715004122,In Stock
SKU #: 743715004368,In Stock
SKU #: 743715004429,In Stock
SKU #: 743715004436,In Stock
SKU #: 743715005051,In Stock
SKU #: 743715006508,In Stock
SKU #: 743715006607,In Stock
SKU #: 743715007116,In Stock
SKU #: 743715007123,In Stock
SKU #: 743715007154,In Stock
SKU #: 743715007291,In Stock
SKU #: 743715007307,In Stock
SKU #: 743715007314,In Stock
SKU #: 743715007352,In Stock
SKU #: 743715007406,In Stock
SKU #: 743715009288,In Stock
SKU #: 743715009424,In Stock
SKU #: 743715011205,In Stock
SKU #: 743715011786,Out of Stock
SKU #: 743715015166,In Stock
SKU #: 743715015616,In Stock
SKU #: 743715015647,In Stock
SKU #: 743715015692,In Stock
SKU #: 743715018709,In Stock
SKU #: 743715020320,In Stock
SKU #: 743715030008,In Stock
SKU #: 743715030039,In Stock
SKU #: 743715030060,In Stock
SKU #: 745998411017,In Stock
SKU #: 745998411055,In Stock
SKU #: 745998500131,In Stock
SKU #: 745998500216,In Stock
SKU #: 745998903345,In Stock
SKU #: 745998903352,In Stock
SKU #: 745998990291,In Stock
SKU #: 745998990321,In Stock
SKU #: 747479000017,In Stock
SKU #: 747479001151,In Stock
SKU #: 748927020366,In Stock
SKU #: 748927020373,In Stock
SKU #: 748927025255,In Stock
SKU #: 748927026276,In Stock
SKU #: 748927026290,In Stock
SKU #: 748927027068,In Stock
SKU #: 748927028713,In Stock
SKU #: 748927051698,In Stock
SKU #: 748927060690,In Stock
SKU #: 749174096807,In Stock
SKU #: 749174097088,In Stock
SKU #: 750856600182,In Stock
SKU #: 753950000254,In Stock
SKU #: 753950000643,In Stock
SKU #: 753950000704,In Stock
SKU #: 753950000803,In Stock
SKU #: 753950000810,In Stock
SKU #: 753950000889,In Stock
SKU #: 753950000971,In Stock
SKU #: 753950001053,In Stock
SKU #: 753950001114,In Stock
SKU #: 753950001206,In Stock
SKU #: 753950001237,In Stock
SKU #: 753950001299,In Stock
SKU #: 753950001305,In Stock
SKU #: 753950001367,In Stock
SKU #: 753950001435,In Stock
SKU #: 753950001497,In Stock
SKU #: 753950001572,In Stock
SKU #: 753950001633,In Stock
SKU #: 753950001657,In Stock
SKU #: 753950001701,In Stock
SKU #: 753950001848,In Stock
SKU #: 753950001855,In Stock
SKU #: 753950001916,In Stock
SKU #: 753950001923,In Stock
SKU #: 753950001954,In Stock
SKU #: 753950002043,In Stock
SKU #: 753950002142,In Stock
SKU #: 753950002159,In Stock
SKU #: 753950002166,In Stock
SKU #: 753950002180,In Stock
SKU #: 753950002425,In Stock
SKU #: 753950002494,In Stock
SKU #: 753950002531,In Stock
SKU #: 753950002654,In Stock
SKU #: 753950002739,In Stock
SKU #: 753950002777,In Stock
SKU #: 753950003071,In Stock
SKU #: 753950003125,In Stock
SKU #: 753950003293,In Stock
SKU #: 753950003620,In Stock
SKU #: 753950004580,In Stock
SKU #: 753950005655,In Stock
SKU #: 753950006027,In Stock
SKU #: 757645021425,In Stock
SKU #: 763948032396,In Stock
SKU #: 763948058020,In Stock
SKU #: 763948090013,In Stock
SKU #: 763948090211,In Stock
SKU #: 763948107469,In Stock
SKU #: 764302204268,In Stock
SKU #: 764302270003,In Stock
SKU #: 768990015007,In Stock
SKU #: 768990015304,In Stock
SKU #: 768990015311,In Stock
SKU #: 768990015335,In Stock
SKU #: 768990015700,In Stock
SKU #: 768990016004,In Stock
SKU #: 768990016042,In Stock
SKU #: 768990016707,In Stock
SKU #: 768990016844,In Stock
SKU #: 768990017100,In Stock
SKU #: 768990017209,In Stock
SKU #: 768990017438,In Stock
SKU #: 768990017452,In Stock
SKU #: 768990017506,In Stock
SKU #: 768990017513,In Stock
SKU not found,In Stock
SKU #: 768990017582,In Stock
SKU #: 768990017704,In Stock
SKU #: 768990017759,In Stock
SKU #: 768990018039,In Stock
SKU #: 768990018077,In Stock
SKU #: 768990018169,In Stock
SKU #: 768990018398,In Stock
SKU #: 768990018404,In Stock
SKU #: 768990018732,In Stock
SKU #: 768990018756,In Stock
SKU #: 768990018787,In Stock
SKU #: 768990018909,In Stock
SKU #: 768990021503,In Stock
SKU #: 768990021541,In Stock
SKU #: 768990021558,In Stock
SKU #: 768990027208,In Stock
SKU #: 768990027604,In Stock
SKU #: 768990027611,In Stock
SKU #: 768990027659,In Stock
SKU #: 768990027703,In Stock
SKU #: 768990027758,In Stock
SKU #: 768990027789,In Stock
SKU #: 768990037603,In Stock
SKU #: 768990037702,In Stock
SKU #: 768990061004,In Stock
SKU #: 768990301209,In Stock
SKU #: 768990301315,In Stock
SKU #: 768990301407,In Stock
SKU #: 768990301605,In Stock
SKU #: 768990301858,In Stock
SKU #: 768990301896,In Stock
SKU #: 768990311413,In Stock
SKU #: 768990505058,In Stock
SKU #: 768990505065,In Stock
SKU #: 768990515026,In Stock
SKU #: 768990537868,In Stock
SKU #: 768990537875,In Stock
SKU #: 768990547850,In Stock
SKU #: 768990577857,In Stock
SKU #: 768990578854,In Stock
SKU #: 786306097004,In Stock
SKU #: 787651760056,In Stock
SKU #: 790011030010,In Stock
SKU #: 790011030041,In Stock
SKU #: 790011030126,In Stock
SKU #: 790011030249,In Stock
SKU #: 790011030256,In Stock
SKU #: 790011030287,In Stock
SKU #: 790011030300,In Stock
SKU #: 790011030324,In Stock
SKU #: 790011030331,In Stock
SKU #: 790011030416,In Stock
SKU #: 790011030423,In Stock
SKU #: 790011030584,In Stock
SKU #: 790011037132,In Stock
SKU #: 790011037149,In Stock
SKU #: 790011040019,In Stock
SKU #: 790011040033,In Stock
SKU #: 790011040057,In Stock
SKU #: 790011060031,In Stock
SKU #: 790011060123,In Stock
SKU #: 790011060192,In Stock
SKU #: 790011060246,In Stock
SKU #: 790011060253,In Stock
SKU #: 790011060376,In Stock
SKU #: 790011090021,In Stock
SKU #: 790011120155,In Stock
SKU #: 790011120254,In Stock
SKU #: 790011130079,In Stock
SKU #: 790011130086,In Stock
SKU #: 790011132196,In Stock
SKU #: 790011140030,In Stock
SKU #: 790011140160,In Stock
SKU #: 790011140290,In Stock
SKU #: 790011140849,In Stock
SKU #: 790011150015,In Stock
SKU #: 790011150350,In Stock
SKU #: 790011150367,In Stock
SKU #: 790011150398,In Stock
SKU #: 790011150510,In Stock
SKU #: 790011160069,In Stock
SKU #: 790011160472,In Stock
SKU #: 790011160564,In Stock
SKU #: 790011170075,In Stock
SKU #: 790011180067,In Stock
SKU #: 790011190028,In Stock
SKU #: 790011190165,In Stock
SKU #: 790011190172,In Stock
SKU #: 790011200109,In Stock
SKU #: 790011200147,In Stock
SKU #: 790011200208,In Stock
SKU #: 790011200277,In Stock
SKU #: 790011210030,In Stock
SKU #: 790011230076,In Stock
SKU #: 790011240020,In Stock
SKU #: 790011300014,In Stock
SKU #: 790011300038,In Stock
SKU #: 790011300069,In Stock
SKU #: 790011300212,In Stock
SKU #: 790011560012,In Stock
SKU #: 790223911787,In Stock
SKU #: 792850011984,In Stock
SKU #: 792850014442,In Stock
SKU #: 792850016774,In Stock
SKU #: 792850018143,In Stock
SKU #: 792850136991,In Stock
SKU #: 801541500086,In Stock
SKU #: 801541514861,In Stock
SKU #: 801541519323,In Stock
SKU #: 808124121034,In Stock
SKU #: 808124121638,In Stock
SKU #: 808124141049,In Stock
SKU #: 808124144408,In Stock
SKU #: 808124171084,In Stock
SKU #: 808124174276,In Stock
SKU #: 808124700574,In Stock
SKU #: 810001560065,In Stock
SKU #: 810001560126,In Stock
SKU #: 810021201573,In Stock
SKU #: 810021671642,In Stock
SKU #: 810021671734,In Stock
SKU #: 810021671888,In Stock
SKU #: 810087820022,In Stock
SKU #: 810087820336,In Stock
SKU #: 810087820398,In Stock
SKU not found,In Stock
SKU #: 810091780213,In Stock
SKU #: 810091780220,In Stock
SKU #: 810165011427,In Stock
SKU #: 810165015029,In Stock
SKU #: 810165016248,In Stock
SKU #: 810165016262,In Stock
SKU #: 810165017924,In Stock
SKU #: 810165019003,In Stock
SKU #: 810165019041,In Stock
SKU #: 810165019416,In Stock
SKU #: 810165019461,In Stock
SKU #: 810165019720,In Stock
SKU #: 810425032506,In Stock
SKU #: 810571030043,In Stock
SKU #: 810571030159,In Stock
SKU #: 810571031323,In Stock
SKU #: 811961020934,In Stock
SKU #: 811961021320,In Stock
SKU #: 813277010449,In Stock
SKU #: 813277012191,In Stock
SKU #: 813277013815,In Stock
SKU #: 815074021857,In Stock
SKU #: 815099021078,In Stock
SKU #: 815099021696,In Stock
SKU #: 815421011227,In Stock
SKU #: 815421011272,In Stock
SKU #: 815421011289,In Stock
SKU #: 815421011302,In Stock
SKU #: 815421011357,In Stock
SKU #: 815421011906,In Stock
SKU #: 815421011913,In Stock
SKU #: 815421011937,In Stock
SKU #: 815421012118,In Stock
SKU #: 815421012507,In Stock
SKU #: 815421014013,In Stock
SKU #: 815421014204,In Stock
SKU #: 815421018035,In Stock
SKU #: 816401022196,In Stock
SKU #: 816401023278,In Stock
SKU #: 816401025449,In Stock
SKU #: 816401026064,In Stock
SKU #: 816401026187,In Stock
SKU #: 817939016503,In Stock
SKU #: 817939018576,In Stock
SKU #: 817939018583,In Stock
SKU #: 817939018590,In Stock
SKU #: 817939018606,In Stock
SKU #: 817939018835,In Stock
SKU #: 817939019443,In Stock
SKU #: 819237009782,In Stock
SKU #: 819385023319,In Stock
SKU #: 819385023326,In Stock
SKU #: 819573011753,In Stock
SKU #: 819573013214,In Stock
SKU #: 819573013221,In Stock
SKU #: 819573013276,In Stock
SKU #: 819573013290,In Stock
SKU #: 819573016376,In Stock
SKU #: 819597014273,In Stock
SKU #: 819597014297,In Stock
SKU #: 819898010158,In Stock
SKU #: 819898010219,In Stock
SKU #: 819898010226,In Stock
SKU #: 819898010264,In Stock
SKU #: 819898011094,In Stock
SKU #: 819898014910,In Stock
SKU #: 829262000340,In Stock
SKU #: 829262000692,In Stock
SKU #: 829696000800,In Stock
SKU #: 829835000425,In Stock
SKU #: 829835000791,In Stock
SKU #: 829835000869,In Stock
SKU #: 829835006540,In Stock
SKU #: 829835933006,In Stock
SKU #: 835003000340,In Stock
SKU #: 835003000463,In Stock
SKU #: 835003000470,In Stock
SKU #: 835003000654,In Stock
SKU #: 835003000661,In Stock
SKU #: 835003000760,In Stock
SKU #: 835003000791,In Stock
SKU #: 835003001026,In Stock
SKU #: 835003001149,In Stock
SKU #: 835003001651,In Stock
SKU #: 835003001736,In Stock
SKU #: 835003001743,In Stock
SKU #: 835003001774,In Stock
SKU #: 835003001804,In Stock
SKU #: 835003002023,In Stock
SKU #: 835003002030,In Stock
SKU #: 835003002177,In Stock
SKU #: 835003002283,In Stock
SKU #: 835003002412,In Stock
SKU #: 835003002528,In Stock
SKU #: 835003002542,In Stock
SKU #: 835003002719,In Stock
SKU #: 835003002962,In Stock
SKU not found,In Stock
SKU #: 835003003174,In Stock
SKU #: 835003003181,In Stock
SKU #: 835003003518,In Stock
SKU #: 835003004386,In Stock
SKU #: 835003004423,In Stock
SKU #: 835003004478,In Stock
SKU #: 835003005475,In Stock
SKU #: 835003005796,In Stock
SKU #: 835003005888,In Stock
SKU #: 835003005994,In Stock
SKU #: 835003006014,In Stock
SKU #: 835003006045,In Stock
SKU #: 835003006731,In Stock
SKU #: 835003006809,In Stock
SKU #: 835003006984,In Stock
SKU #: 835003007233,In Stock
SKU #: 835003007295,In Stock
SKU #: 835003007325,In Stock
SKU #: 835003007462,In Stock
SKU #: 835003007516,In Stock
SKU #: 835003008018,In Stock
SKU #: 835003008117,In Stock
SKU #: 835003008469,In Stock
SKU #: 835003008568,In Stock
SKU #: 835003008742,In Stock
SKU #: 835003008766,In Stock
SKU #: 835003008827,In Stock
SKU #: 835003009404,In Stock
SKU #: 835003009459,In Stock
SKU #: 835003009800,In Stock
SKU #: 838455000029,In Stock
SKU #: 838455000036,In Stock
SKU #: 838766001395,In Stock
SKU #: 838766004846,In Stock
SKU #: 838766004914,In Stock
SKU #: 838766004938,In Stock
SKU #: 838766004983,In Stock
SKU #: 838766005737,In Stock
SKU #: 838766007533,In Stock
SKU #: 838766007540,In Stock
SKU #: 838766007731,In Stock
SKU #: 838766008554,In Stock
SKU #: 838766008578,In Stock
SKU #: 838766008660,In Stock
SKU #: 838766009018,In Stock
SKU #: 838766009025,In Stock
SKU #: 838766066516,In Stock
SKU #: 840160200397,In Stock
SKU #: 840160201103,In Stock
SKU #: 840160202117,In Stock
SKU #: 840230344044,In Stock
SKU #: 840230344082,In Stock
SKU #: 842096101113,In Stock
SKU #: 842096105036,In Stock
SKU #: 842096107023,In Stock
SKU #: 842096111013,In Stock
SKU #: 843076000235,In Stock
SKU #: 843076000266,In Stock
SKU #: 843076001492,In Stock
SKU #: 843076001591,In Stock
SKU #: 843076001904,In Stock
SKU #: 843076002000,In Stock
SKU #: 843369101823,In Stock
SKU #: 843536100819,In Stock
SKU #: 843536105807,In Stock
SKU #: 843536106910,In Stock
SKU #: 844197004140,In Stock
SKU #: 844197010073,In Stock
SKU #: 844197010356,In Stock
SKU #: 844197010639,In Stock
SKU #: 844197010660,In Stock
SKU #: 844197010677,In Stock
SKU #: 844197010714,In Stock
SKU #: 844197010950,In Stock
SKU #: 844197011865,In Stock
SKU #: 844197011926,In Stock
SKU #: 844197013173,In Stock
SKU #: 844197013715,In Stock
SKU #: 844197013913,In Stock
SKU #: 844197014248,In Stock
SKU #: 844197014422,In Stock
SKU #: 844197014484,In Stock
SKU #: 844197014552,In Stock
SKU #: 844197014569,In Stock
SKU #: 844197014576,In Stock
SKU #: 844197014811,In Stock
SKU #: 844197014866,In Stock
SKU #: 844197014897,In Stock
SKU #: 844197015474,In Stock
SKU #: 844197015511,In Stock
SKU #: 844197015641,In Stock
SKU #: 844197015726,In Stock
SKU #: 844197015764,In Stock
SKU #: 844197015856,In Stock
SKU #: 844197015894,In Stock
SKU #: 844197016013,In Stock
SKU #: 844197016099,In Stock
SKU #: 844197016112,In Stock
SKU #: 844197016136,In Stock
SKU #: 844197016143,In Stock
SKU #: 844197016488,In Stock
SKU #: 844197016815,In Stock
SKU #: 844197016945,In Stock
SKU #: 844197017041,In Stock
SKU #: 844197017218,In Stock
SKU #: 844197017423,In Stock
SKU #: 844197017461,In Stock
SKU #: 844197017621,In Stock
SKU #: 844197020096,In Stock
SKU #: 844197020218,In Stock
SKU #: 844197020478,In Stock
SKU #: 844197020492,In Stock
SKU #: 844197020621,In Stock
SKU #: 844197025466,In Stock
SKU #: 848998041168,In Stock
SKU #: 848998080785,In Stock
SKU not found,In Stock
SKU #: 850000503373,In Stock
SKU #: 850004462157,In Stock
SKU #: 850004462515,In Stock
SKU #: 850004759271,In Stock
SKU #: 850010613147,In Stock
SKU #: 850010613260,In Stock
SKU #: 850011996003,In Stock
SKU #: 850011996904,In Stock
SKU #: 850011996928,In Stock
SKU #: 850011996997,In Stock
SKU #: 850015510649,In Stock
SKU #: 850017468085,In Stock
SKU #: 850017468139,In Stock
SKU #: 850017468146,In Stock
SKU #: 850017468313,In Stock
SKU #: 850017468320,In Stock
SKU #: 850017468337,In Stock
SKU #: 850017983373,In Stock
SKU #: 850017983441,In Stock
SKU #: 850018471657,In Stock
SKU #: 850019568561,In Stock
SKU #: 850021522612,In Stock
SKU not found,In Stock
SKU #: 850021635206,In Stock
SKU #: 850029324140,In Stock
SKU #: 850030553232,In Stock
SKU #: 850030553249,In Stock
SKU #: 850030553287,In Stock
SKU #: 850030553300,In Stock
SKU #: 850036700333,In Stock
SKU #: 850036700364,In Stock
SKU #: 850036700470,In Stock
SKU #: 850038090937,In Stock
SKU #: 850180006473,In Stock
SKU #: 850180006497,In Stock
SKU #: 850184008404,In Stock
SKU #: 850184008435,In Stock
SKU #: 850232005089,In Stock
SKU #: 850251004001,In Stock
SKU #: 850251004179,In Stock
SKU #: 850475006881,In Stock
SKU #: 850502008444,In Stock
SKU #: 850502008956,In Stock
SKU #: 850502008970,In Stock
SKU #: 850502008994,In Stock
SKU #: 850551005937,In Stock
SKU #: 850551005968,In Stock
SKU #: 850687104009,In Stock
SKU #: 851087000250,In Stock
SKU #: 851562007125,In Stock
SKU #: 851562007224,In Stock
SKU #: 851562007316,In Stock
SKU #: 851614004102,In Stock
SKU #: 851614004171,In Stock
SKU #: 851614004386,In Stock
SKU #: 851614004393,In Stock
SKU #: 851614004515,In Stock
SKU #: 851614004539,In Stock
SKU #: 851614004546,In Stock
SKU #: 851702007008,In Stock
SKU #: 851702007022,In Stock
SKU #: 851702007046,In Stock
SKU #: 851702007367,In Stock
SKU #: 851702007381,In Stock
SKU #: 851702007510,In Stock
SKU #: 851769007010,In Stock
SKU #: 851769007027,In Stock
SKU #: 851769007720,In Stock
SKU #: 851770003957,In Stock
SKU #: 851770003964,In Stock
SKU #: 851770006026,In Stock
SKU #: 851770006033,In Stock
SKU #: 851770006118,In Stock
SKU #: 851770006149,In Stock
SKU #: 851770006156,In Stock
SKU #: 851770006255,In Stock
SKU #: 851770006828,In Stock
SKU #: 852697001484,In Stock
SKU #: 852933008024,In Stock
SKU #: 852933008413,In Stock
SKU #: 852933008437,In Stock
SKU #: 852933008987,In Stock
SKU not found,In Stock
SKU #: 853016002014,In Stock
SKU #: 853218000320,In Stock
SKU #: 853522000825,In Stock
SKU #: 853665005091,In Stock
SKU #: 853807005033,In Stock
SKU #: 853826003577,In Stock
SKU #: 853986008047,In Stock
SKU #: 853986008054,In Stock
SKU #: 854693000447,In Stock
SKU #: 854693000522,In Stock
SKU #: 855140002144,In Stock
SKU #: 855140002984,In Stock
SKU #: 855894008973,In Stock
SKU #: 856017003370,In Stock
SKU #: 856017003387,In Stock
SKU #: 856017003400,In Stock
SKU #: 856017003431,In Stock
SKU #: 856017003448,In Stock
SKU #: 856069005049,In Stock
SKU #: 856069005131,In Stock
SKU #: 856069005155,In Stock
SKU #: 856069005353,In Stock
SKU #: 856069005407,In Stock
SKU #: 856069005742,In Stock
SKU #: 856069005834,In Stock
SKU #: 856088003163,In Stock
SKU #: 856088003170,In Stock
SKU #: 856088003316,In Stock
SKU #: 856088003590,In Stock
SKU #: 856088003675,In Stock
SKU #: 856088003743,In Stock
SKU #: 856210008158,In Stock
SKU #: 856210008196,In Stock
SKU #: 856210008219,In Stock
SKU #: 856210008233,In Stock
SKU #: 856210008936,In Stock
SKU #: 856210008943,In Stock
SKU #: 856210008974,In Stock
SKU #: 856369004445,In Stock
SKU #: 856369004643,In Stock
SKU #: 856369004926,In Stock
SKU #: 856481003906,In Stock
SKU #: 856584004725,In Stock
SKU #: 856645008419,In Stock
SKU #: 856645008549,In Stock
SKU #: 856645008686,In Stock
SKU #: 856753007106,In Stock
SKU #: 856753007359,In Stock
SKU #: 856753007465,In Stock
SKU #: 856753007748,In Stock
SKU #: 856762007463,In Stock
SKU not found,In Stock
SKU #: 856769006452,In Stock
SKU #: 857249001004,In Stock
SKU #: 857249001127,In Stock
SKU #: 857249001134,In Stock
SKU #: 857249001752,In Stock
SKU #: 857668007496,In Stock
SKU #: 857682003047,In Stock
SKU not found,In Stock
SKU not found,In Stock
SKU #: 858158005015,In Stock
SKU #: 858158005022,In Stock
SKU #: 858158005121,In Stock
SKU #: 858158015267,In Stock
SKU #: 858158015281,In Stock
SKU #: 858847000802,In Stock
SKU #: 858906004086,In Stock
SKU #: 858982004598,In Stock
SKU #: 858982004949,In Stock
SKU #: 858982004963,In Stock
SKU #: 859216003004,In Stock
SKU #: 859216003080,In Stock
SKU #: 859216003530,In Stock
SKU #: 859220000105,In Stock
SKU #: 859220000310,In Stock
SKU #: 859220000341,In Stock
SKU not found,In Stock
SKU #: 859220000549,In Stock
SKU #: 859220000938,In Stock
SKU #: 859220010005,In Stock
SKU #: 859220010012,In Stock
SKU not found,In Stock
SKU #: 859220010166,In Stock
SKU not found,In Stock
SKU #: 859220010180,In Stock
SKU #: 859220010388,In Stock
SKU #: 859480006480,In Stock
SKU #: 859480006503,In Stock
SKU #: 860479001546,In Stock
SKU #: 860479001553,In Stock
SKU #: 863737000169,In Stock
SKU #: 865327000122,In Stock
SKU #: 873024001021,In Stock
SKU #: 875534002260,In Stock
SKU #: 875534002406,In Stock
SKU #: 875534002703,In Stock
SKU #: 888849000227,In Stock
SKU #: 888849006090,In Stock
SKU #: 888849007684,In Stock
SKU #: 888849008148,In Stock
SKU #: 888849010356,In Stock
SKU #: 888849012183,In Stock
SKU #: 890146001043,In Stock
SKU #: 890146001500,In Stock
SKU #: 891551000478,In Stock
SKU #: 892392002027,In Stock
SKU #: 892392002041,In Stock
SKU #: 892392002096,In Stock
SKU #: 892392002744,In Stock
SKU #: 893869000720,In Stock
SKU #: 897988000029,In Stock
SKU #: 897988000098,In Stock
SKU #: 898440001394,In Stock
SKU #: 899696002210,In Stock
SKU #: 899696002357,In Stock
SKU #: 899696002456,In Stock
SKU #: 899696002661,In Stock
SKU #: 707359100947,In Stock
SKU #: 707359129214,In Stock
SKU #: 707359133457,In Stock
SKU #: 707359146389,In Stock
SKU #: 743715019003,In Stock
SKU #: 840160201684,In Stock
SKU #: 40039978008044,In Stock
SKU #: 5425018611058,In Stock
SKU #: 603573578886,In Stock
SKU #: 603573613556,In Stock
SKU #: 626232115086,In Stock
SKU #: 626232120837,In Stock
SKU #: 626232131758,In Stock
SKU #: 626232131765,In Stock
SKU #: 626232140606,In Stock
SKU #: 626232140835,In Stock
SKU #: 626232140873,In Stock
SKU #: 626232181975,In Stock
SKU #: 626232420326,In Stock
SKU #: 626232601046,In Stock
SKU #: 634084284010,In Stock
SKU #: 658010111362,In Stock
SKU #: 658010111607,In Stock
SKU #: 658010118576,In Stock
SKU #: 687735623669,In Stock
SKU #: 689269452296,In Stock
SKU #: 704142000439,In Stock
SKU not found,In Stock
SKU #: 737870167815,In Stock
SKU #: 737870194965,In Stock
SKU #: 741391973794,In Stock
SKU #: 741391973824,In Stock
SKU #: 741391973855,In Stock
SKU #: 741391978607,In Stock
SKU #: 741391979048,In Stock
SKU #: 741391980457,In Stock
SKU #: 745998401056,In Stock
SKU #: 745998404057,In Stock
SKU #: 745998406044,In Stock
SKU #: 745998406143,In Stock
SKU #: 745998500124,In Stock
SKU #: 745998500179,In Stock
SKU #: 745998500186,In Stock
SKU #: 745998500193,In Stock
SKU #: 745998902027,In Stock
SKU #: 745998990093,In Stock
SKU #: 749174097279,In Stock
SKU #: 749174796646,In Stock
SKU #: 753950000872,In Stock
SKU #: 768990016660,In Stock
SKU #: 768990027642,In Stock
SKU #: 790011160397,In Stock
SKU #: 795239800605,In Stock
SKU #: 813006013178,In Stock
SKU #: 815421011005,In Stock
SKU #: 815421011241,In Stock
SKU #: 815421011265,In Stock
SKU #: 815421012514,In Stock
SKU #: 815421014051,In Stock
SKU #: 829262000333,In Stock
SKU #: 829262000357,In Stock
SKU #: 840160202216,In Stock
SKU #: 843076000440,In Stock
SKU #: 843076000600,In Stock
SKU #: 843076001898,In Stock
SKU #: 848998081027,In Stock
SKU not found,In Stock
SKU #: 850004462539,In Stock
SKU #: 850018471343,In Stock
SKU #: 851562008658,In Stock
SKU #: 851702007343,In Stock
SKU #: 851702007428,Out of Stock
SKU #: 851769007089,In Stock
SKU #: 856645008365,In Stock
SKU #: 857484006307,In Stock
SKU #: 899696002340,In Stock
SKU #: 310539029299,Out of Stock
SKU #: 310539029343,Out of Stock
SKU #: 631257121165,In Stock
SKU #: 645951282213,In Stock
SKU #: 658010111164,Out of Stock
SKU #: 658010111584,Out of Stock
SKU #: 658010112581,Out of Stock
SKU #: 658010112635,Out of Stock
SKU #: 658010112857,In Stock
SKU #: 658010113663,In Stock
SKU #: 658010113670,Out of Stock
SKU #: 658010113809,In Stock
SKU #: 658010113908,Out of Stock
SKU #: 658010114103,In Stock
SKU #: 658010114141,In Stock
SKU #: 658010114202,Out of Stock
SKU #: 658010114356,Out of Stock
SKU #: 658010118453,Out of Stock
SKU #: 658010118583,Out of Stock
SKU #: 658010120043,Out of Stock
SKU #: 658010120289,Out of Stock
SKU #: 658010121897,Out of Stock
SKU #: 658010123181,In Stock
SKU #: 658010131803,Out of Stock
SKU #: 658010132701,Out of Stock
SKU #: 692752106200,In Stock
SKU #: 692752311147,Out of Stock
SKU #: 727783900432,In Stock
SKU #: 737870213338,Out of Stock
SKU #: 748927023855,In Stock
SKU #: 748927026658,In Stock
SKU #: 753950003743,In Stock
SKU #: 763948058365,In Stock
SKU #: 768990016219,In Stock
SKU #: 768990018923,In Stock
SKU #: 790011037354,In Stock
SKU #: 790223102116,Out of Stock
SKU #: 792850070998,In Stock
SKU #: 801541107612,In Stock
SKU #: 813277010036,In Stock
SKU #: 813277010210,Out of Stock
SKU #: 813277010685,In Stock
SKU #: 815066001171,In Stock
SKU #: 816401023285,In Stock
SKU #: 817939018552,In Stock
SKU not found,In Stock
SKU #: 818512015340,Out of Stock
SKU #: 818512015357,In Stock
SKU #: 819573015034,In Stock
SKU #: 835003004270,In Stock
SKU #: 838766006727,In Stock
SKU #: 838766007441,In Stock
SKU #: 840379101980,In Stock
SKU #: 850004462836,Out of Stock
SKU #: 850004639252,In Stock
SKU #: 850232005058,In Stock
SKU #: 855188003981,In Stock
SKU #: 856069005094,In Stock
SKU #: 857777004706,In Stock
SKU #: 858158005466,In Stock
SKU #: 858158015250,Out of Stock
SKU not found,In Stock
SKU #: 866515000375,In Stock
SKU #: 898440001783,In Stock
SKU #: 10846675010695,In Stock
SKU #: 10846675010718,Out of Stock
SKU #: 182741000867,In Stock
SKU #: 183405000087,In Stock
SKU #: 183405043831,Out of Stock
SKU #: 193908002211,In Stock
SKU #: 20745158500005,In Stock
SKU #: 305731369014,In Stock
SKU #: 305731369151,In Stock
SKU #: 305734755715,In Stock
SKU #: 308078250908,In Stock
SKU #: 308078250977,In Stock
SKU #: 308078253978,In Stock
SKU #: 308079002933,In Stock
SKU #: 308079006931,In Stock
SKU not found,In Stock
SKU not found,In Stock
SKU #: 310539029305,Out of Stock
SKU #: 354022107514,In Stock
SKU #: 354022109815,In Stock
SKU #: 354973316218,In Stock
SKU not found,In Stock
SKU #: 358008035013,In Stock
SKU #: 359800023215,In Stock
SKU not found,In Stock
SKU #: 367703135065,Out of Stock
SKU #: 371401388166,In Stock
SKU #: 371401394167,In Stock
SKU #: 371401894162,In Stock
SKU #: 371401923169,In Stock
SKU #: 376630181533,Out of Stock
SKU #: 4001638098595,In Stock
SKU #: 602652171208,In Stock
SKU #: 602652171505,In Stock
SKU #: 602652171826,In Stock
SKU #: 602652171901,In Stock
SKU #: 602652184031,In Stock
SKU #: 602652199820,In Stock
SKU #: 602652199837,In Stock
SKU #: 602652256004,In Stock
SKU #: 602652260858,In Stock
SKU #: 602652260865,In Stock
SKU #: 602652268199,In Stock
SKU #: 602652270871,In Stock
SKU #: 602652419294,In Stock
SKU #: 602652429637,In Stock
SKU #: 603573150754,In Stock
SKU #: 603573413347,Out of Stock
SKU #: 615828889647,In Stock
SKU #: 628240201737,Out of Stock
SKU #: 631257120632,Out of Stock
SKU #: 631257121004,In Stock
SKU #: 631257121080,In Stock
SKU #: 631257122353,In Stock
SKU #: 631257154071,Out of Stock
SKU #: 631257156730,Out of Stock
SKU not found,In Stock
SKU #: 631740010129,In Stock
SKU #: 631740010143,In Stock
SKU #: 631740050545,In Stock
SKU #: 637480003155,Out of Stock
SKU #: 637480003230,Out of Stock
SKU #: 637480003339,In Stock
SKU #: 637480025027,Out of Stock
SKU #: 637480071505,In Stock
SKU #: 645951101811,In Stock
SKU #: 645951480817,In Stock
SKU #: 647865904045,In Stock
SKU #: 647865995579,In Stock
SKU #: 647865996019,Out of Stock
SKU #: 657546800535,In Stock
SKU #: 658010111119,Out of Stock
SKU #: 658010111287,In Stock
SKU #: 658010111393,Out of Stock
SKU #: 658010111485,Out of Stock
SKU #: 658010111591,Out of Stock
SKU #: 658010112024,Out of Stock
SKU #: 658010112352,Out of Stock
SKU #: 658010112888,Out of Stock
SKU #: 658010112987,Out of Stock
SKU #: 658010113359,Out of Stock
SKU #: 658010113366,Out of Stock
SKU #: 658010113816,Out of Stock
SKU not found,In Stock
SKU #: 658010113878,Out of Stock
SKU not found,In Stock
SKU #: 658010114011,Out of Stock
SKU #: 658010114028,Out of Stock
SKU #: 658010114035,Out of Stock
SKU #: 658010114196,In Stock
SKU #: 658010114226,Out of Stock
SKU #: 658010114493,Out of Stock
SKU #: 658010115506,In Stock
SKU #: 658010115612,Out of Stock
SKU #: 658010115636,Out of Stock
SKU #: 658010115667,Out of Stock
SKU #: 658010115711,In Stock
SKU not found,In Stock
SKU #: 658010116503,In Stock
SKU #: 658010116510,In Stock
SKU #: 658010116633,Out of Stock
SKU #: 658010117098,In Stock
SKU #: 658010117654,Out of Stock
SKU #: 658010117685,In Stock
SKU #: 658010117692,Out of Stock
SKU not found,In Stock
SKU #: 658010117753,In Stock
SKU #: 658010117814,In Stock
SKU #: 658010118309,Out of Stock
SKU #: 658010118422,In Stock
SKU #: 658010118590,In Stock
SKU #: 658010118712,In Stock
SKU not found,In Stock
SKU #: 658010120319,Out of Stock
SKU #: 658010120654,In Stock
SKU #: 658010122153,Out of Stock
SKU #: 658010122207,Out of Stock
SKU #: 658010122788,In Stock
SKU #: 658010122801,In Stock
SKU #: 658010122894,Out of Stock
SKU #: 658010122931,In Stock
SKU #: 658010122986,In Stock
SKU #: 658010123075,Out of Stock
SKU #: 658010123204,In Stock
SKU #: 658010123341,Out of Stock
SKU #: 658010124478,In Stock
SKU #: 658010124614,Out of Stock
SKU #: 658010125215,Out of Stock
SKU #: 658010125239,Out of Stock
SKU #: 658010125277,Out of Stock
SKU #: 658010127103,In Stock
SKU #: 658010127165,Out of Stock
SKU #: 658010130547,In Stock
SKU #: 658010131407,Out of Stock
SKU #: 658010131773,Out of Stock
SKU #: 658010131797,Out of Stock
SKU #: 658010132695,In Stock
SKU #: 658010133326,Out of Stock
SKU #: 658010133340,In Stock
SKU #: 660726265048,In Stock
SKU #: 665553228372,In Stock
SKU #: 666183613750,In Stock
SKU #: 675625385278,In Stock
SKU #: 677294991033,In Stock
SKU #: 677294993020,In Stock
SKU #: 687735626226,In Stock
SKU #: 687735626271,In Stock
SKU #: 687735626370,In Stock
SKU #: 689191512013,In Stock
SKU #: 692752000102,Out of Stock
SKU #: 692752000317,Out of Stock
SKU #: 692752100123,Out of Stock
SKU #: 692752103520,In Stock
SKU #: 692752105371,In Stock
SKU #: 692752108846,Out of Stock
SKU #: 692752108907,In Stock
SKU #: 692752109478,Out of Stock
SKU #: 692752113703,Out of Stock
SKU #: 692752113826,In Stock
SKU #: 692752200014,In Stock
SKU #: 692752200021,In Stock
SKU #: 692752200038,In Stock
SKU #: 693465425114,In Stock
SKU #: 693465455111,In Stock
SKU #: 697658202032,In Stock
SKU #: 697658691034,In Stock
SKU #: 697658692222,In Stock
SKU #: 697658692239,In Stock
SKU #: 701619100159,In Stock
SKU #: 701619102016,In Stock
SKU #: 705016331505,Out of Stock
SKU #: 705016331529,Out of Stock
SKU #: 705875100267,In Stock
SKU #: 706195000459,Out of Stock
SKU #: 706195000916,Out of Stock
SKU #: 706195001081,Out of Stock
SKU #: 707359103818,Out of Stock
SKU #: 707359118119,Out of Stock
SKU #: 707359128118,In Stock
SKU #: 707359129337,Out of Stock
SKU #: 707359131408,Out of Stock
SKU #: 707359131446,In Stock
SKU #: 707359131729,Out of Stock
SKU #: 711381309094,In Stock
SKU #: 711381325520,In Stock
SKU #: 717256000615,In Stock
SKU #: 718334220536,In Stock
SKU #: 718334322230,In Stock
SKU #: 720379504762,In Stock
SKU #: 722252187949,Out of Stock
SKU #: 722252203106,Out of Stock
SKU #: 722252271013,Out of Stock
SKU #: 722252438225,Out of Stock
SKU #: 726511253604,In Stock
SKU #: 727783003645,In Stock
SKU #: 727783003676,In Stock
SKU #: 727783006295,In Stock
SKU #: 727783050052,In Stock
SKU #: 727783900654,In Stock
SKU #: 727783900739,In Stock
SKU #: 727783900746,In Stock
SKU #: 727783900975,In Stock
SKU #: 727783901484,Out of Stock
SKU not found,In Stock
SKU #: 727783902597,In Stock
SKU #: 727783903518,In Stock
SKU #: 727783903570,In Stock
SKU #: 727783903594,In Stock
SKU #: 727783903655,In Stock
SKU not found,In Stock
SKU #: 727783903808,In Stock
SKU #: 728997210003,In Stock
SKU #: 732153024939,In Stock
SKU #: 732894010017,In Stock
SKU #: 732913228119,In Stock
SKU #: 732913342082,In Stock
SKU #: 732913342280,In Stock
SKU #: 732913451753,In Stock
SKU #: 734027909021,In Stock
SKU #: 735546005737,In Stock
SKU #: 735546330877,Out of Stock
SKU #: 736211247940,In Stock
SKU #: 737870166917,In Stock
SKU #: 737870179061,In Stock
SKU #: 737870193814,In Stock
SKU #: 737870195337,In Stock
SKU #: 737870240266,In Stock
SKU #: 737870455097,Out of Stock
SKU #: 741273013952,In Stock
SKU #: 741273015284,In Stock
SKU #: 741273015420,In Stock
SKU #: 741273205715,In Stock
SKU #: 741273206217,In Stock
SKU #: 742392931080,In Stock
SKU #: 742392931318,In Stock
SKU #: 743715006805,In Stock
SKU #: 743715007369,In Stock
SKU #: 743715009912,In Stock
SKU #: 743715020085,In Stock
SKU #: 748927021332,In Stock
SKU #: 748927022346,In Stock
SKU #: 748927024227,In Stock
SKU not found,In Stock
SKU #: 748927026245,In Stock
SKU #: 748927026665,In Stock
SKU #: 748927026672,In Stock
SKU #: 748927027211,In Stock
SKU #: 748927028621,In Stock
SKU #: 748927028652,In Stock
SKU #: 748927028683,In Stock
SKU #: 748927028690,In Stock
SKU #: 748927028706,In Stock
SKU #: 748927028737,In Stock
SKU #: 748927028744,In Stock
SKU #: 748927028867,In Stock
SKU #: 748927029109,In Stock
SKU #: 748927029727,In Stock
SKU #: 748927029734,In Stock
SKU #: 748927029864,In Stock
SKU #: 748927051308,In Stock
SKU #: 748927053029,Out of Stock
SKU #: 748927054002,In Stock
SKU #: 748927060133,In Stock
SKU #: 748927060140,In Stock
SKU #: 748927060751,In Stock
SKU #: 748927060911,In Stock
SKU #: 750856606900,In Stock
SKU #: 753656718460,In Stock
SKU #: 753950000827,In Stock
SKU #: 753950000919,In Stock
SKU #: 753950001336,In Stock
SKU #: 753950001466,In Stock
SKU #: 753950001770,In Stock
SKU #: 753950001817,In Stock
SKU #: 753950002203,In Stock
SKU #: 753950002456,In Stock
SKU #: 753950002524,In Stock
SKU #: 753950002692,In Stock
SKU #: 753950002708,In Stock
SKU #: 753950002999,In Stock
SKU #: 753950003170,In Stock
SKU #: 753950004061,In Stock
SKU #: 753950004566,In Stock
SKU #: 753950004634,In Stock
SKU #: 753950005013,In Stock
SKU #: 753950005181,Out of Stock
SKU not found,In Stock
SKU #: 756184101766,In Stock
SKU #: 757645613101,In Stock
SKU #: 757645613552,In Stock
SKU #: 763948011513,In Stock
SKU #: 763948013159,Out of Stock
SKU #: 763948017874,In Stock
SKU #: 763948032426,In Stock
SKU #: 763948040353,In Stock
SKU #: 763948042135,In Stock
SKU #: 763948042500,In Stock
SKU #: 763948042937,In Stock
SKU #: 763948042999,In Stock
SKU #: 763948043699,In Stock
SKU #: 763948052295,In Stock
SKU not found,In Stock
SKU not found,In Stock
SKU #: 763948081028,In Stock
SKU #: 763948082391,In Stock
SKU #: 763948084364,In Stock
SKU #: 763948084524,In Stock
SKU #: 763948084661,In Stock
SKU #: 763948168439,In Stock
SKU #: 763948564453,In Stock
SKU #: 764218651248,In Stock
SKU #: 764302024163,In Stock
SKU #: 765704108017,In Stock
SKU #: 765704110010,In Stock
SKU #: 768990015113,Out of Stock
SKU #: 768990015342,Out of Stock
SKU #: 768990016189,In Stock
SKU #: 768990016837,In Stock
SKU #: 768990017414,In Stock
SKU #: 768990017483,In Stock
SKU #: 768990017803,In Stock
SKU #: 768990017902,In Stock
SKU #: 768990017971,In Stock
SKU #: 768990018015,In Stock
SKU #: 768990018176,In Stock
SKU #: 768990021527,In Stock
SKU #: 768990027239,In Stock
SKU #: 768990027246,In Stock
SKU #: 768990027635,In Stock
SKU #: 768990027857,In Stock
SKU #: 768990027901,In Stock
SKU #: 768990037436,In Stock
SKU #: 768990037900,In Stock
SKU #: 768990301278,Out of Stock
SKU #: 768990301506,Out of Stock
SKU #: 768990301865,Out of Stock
SKU #: 768990311529,Out of Stock
SKU #: 790011010067,In Stock
SKU #: 790011030133,In Stock
SKU #: 790011030201,In Stock
SKU #: 790011030263,In Stock
SKU #: 790011030775,In Stock
SKU #: 790011037095,In Stock
SKU #: 790011040026,In Stock
SKU #: 790011060185,In Stock
SKU #: 790011130062,In Stock
SKU #: 790011132219,In Stock
SKU #: 790011140528,In Stock
SKU #: 790011150046,In Stock
SKU #: 790011150206,In Stock
SKU #: 790011160335,In Stock
SKU #: 790011180043,In Stock
SKU #: 790011180050,In Stock
SKU #: 790011180180,In Stock
SKU #: 790011200390,In Stock
SKU #: 790011200406,In Stock
SKU #: 790011210115,In Stock
SKU #: 790011290421,In Stock
SKU #: 790011290629,In Stock
SKU #: 790011350019,In Stock
SKU #: 792850015968,In Stock
SKU #: 792850157996,In Stock
SKU #: 792850164994,In Stock
SKU #: 792850383999,In Stock
SKU #: 792850893764,In Stock
SKU #: 795239801107,In Stock
SKU #: 801541500048,In Stock
SKU #: 801541517275,In Stock
SKU #: 808124114319,Out of Stock
SKU #: 808124124417,In Stock
SKU #: 810003460561,Out of Stock
SKU not found,In Stock
SKU #: 810021672007,In Stock
SKU #: 810087820343,Out of Stock
SKU #: 810094551278,In Stock
SKU #: 810165019423,Out of Stock
SKU #: 810571031217,In Stock
SKU #: 810589031094,In Stock
SKU #: 813277010050,In Stock
SKU #: 813277010067,In Stock
SKU #: 813277010173,In Stock
SKU #: 813277010494,In Stock
SKU #: 813277010623,In Stock
SKU #: 813277012474,In Stock
SKU not found,In Stock
SKU #: 813277013822,In Stock
SKU #: 813277013853,In Stock
SKU #: 813277015185,In Stock
SKU #: 813277015871,In Stock
SKU #: 813424023452,In Stock
SKU #: 815074022830,In Stock
SKU #: 815099021801,In Stock
SKU #: 815421011258,In Stock
SKU #: 817810029776,In Stock
SKU not found,In Stock
SKU #: 817911020467,Out of Stock
SKU not found,In Stock
SKU not found,In Stock
SKU #: 817939014073,In Stock
SKU #: 818336011764,Out of Stock
SKU #: 818512011656,Out of Stock
SKU #: 818512013247,Out of Stock
SKU #: 818512014251,In Stock
SKU #: 818512015210,Out of Stock
SKU #: 818512015302,In Stock
SKU #: 818512015319,Out of Stock
SKU #: 818512018655,Out of Stock
SKU not found,In Stock
SKU #: 819156020189,In Stock
SKU #: 819597010213,In Stock
SKU #: 819597013382,Out of Stock
SKU #: 819597013788,In Stock
SKU #: 829354102242,In Stock
SKU #: 829696002217,In Stock
SKU #: 829835000128,In Stock
SKU #: 829835000289,In Stock
SKU #: 829835000562,In Stock
SKU #: 829835006878,In Stock
SKU #: 829835008421,In Stock
SKU #: 829835011001,In Stock
SKU #: 829835931002,In Stock
SKU #: 834266006106,In Stock
SKU #: 834266063307,In Stock
SKU #: 835003009428,In Stock
SKU #: 838455000197,In Stock
SKU #: 838766004754,In Stock
SKU #: 838766004839,In Stock
SKU #: 838766004884,In Stock
SKU #: 838766006406,In Stock
SKU #: 838766006420,In Stock
SKU #: 838766006703,In Stock
SKU #: 838766007618,In Stock
SKU #: 838766007625,In Stock
SKU #: 838766008653,In Stock
SKU #: 838766011189,In Stock
SKU #: 840093101815,In Stock
SKU #: 840160200618,Out of Stock
SKU #: 840160200625,Out of Stock
SKU #: 840160201745,In Stock
SKU #: 840160201776,In Stock
SKU #: 840379101430,In Stock
SKU #: 840379101447,In Stock
SKU #: 840379102284,In Stock
SKU #: 843076001270,Out of Stock
SKU #: 843536100246,Out of Stock
SKU #: 843536100802,In Stock
SKU #: 843536105845,In Stock
SKU #: 843648042038,In Stock
SKU #: 844197016860,In Stock
SKU #: 848998081171,In Stock
SKU #: 850000503298,In Stock
SKU #: 850004462065,In Stock
SKU #: 850004462140,In Stock
SKU #: 850004462638,In Stock
SKU #: 850004462676,In Stock
SKU #: 850004462829,Out of Stock
SKU #: 850010613307,In Stock
SKU #: 850015510618,In Stock
SKU #: 850015892622,In Stock
SKU #: 850017468160,Out of Stock
SKU #: 850017983366,Out of Stock
SKU #: 850019568585,Out of Stock
SKU #: 850019568592,In Stock
SKU #: 850019568882,Out of Stock
SKU #: 850026494228,In Stock
SKU #: 850036700425,Out of Stock
SKU #: 850036700500,Out of Stock
SKU #: 850232005157,Out of Stock
SKU #: 850232005393,In Stock
SKU #: 850232005652,Out of Stock
SKU #: 850403000332,In Stock
SKU #: 850652000091,In Stock
SKU #: 851469000113,In Stock
SKU #: 851562008030,In Stock
SKU #: 851562008290,In Stock
SKU #: 851562008405,In Stock
SKU #: 851562008412,In Stock
SKU #: 851562008641,In Stock
SKU #: 851702007183,In Stock
SKU #: 851702007268,In Stock
SKU #: 851702007534,In Stock
SKU #: 851770003377,Out of Stock
SKU #: 851770007276,In Stock
SKU #: 852466006054,In Stock
SKU #: 852697001491,In Stock
SKU #: 852933008048,Out of Stock
SKU #: 852933008727,In Stock
SKU #: 852978008546,In Stock
SKU #: 853522000306,In Stock
SKU #: 853522000313,In Stock
SKU #: 853610003820,In Stock
SKU #: 853826003584,Out of Stock
SKU not found,In Stock
SKU #: 855089008887,In Stock
SKU #: 855188003974,In Stock
SKU #: 855232007125,In Stock
SKU #: 856069005018,In Stock
SKU #: 856069005025,In Stock
SKU #: 856069005032,In Stock
SKU #: 856069005599,In Stock
SKU #: 856069005643,In Stock
SKU #: 856069005667,In Stock
SKU #: 856069005674,In Stock
SKU #: 856293003255,In Stock
SKU #: 856369004759,In Stock
SKU #: 856416000178,In Stock
SKU #: 856481003005,Out of Stock
SKU #: 856645008068,Out of Stock
SKU #: 856762007401,In Stock
SKU #: 857141004998,In Stock
SKU #: 857334005061,In Stock
SKU #: 857727004091,In Stock
SKU #: 857777004263,In Stock
SKU #: 858158005039,In Stock
SKU #: 858158005077,In Stock
SKU #: 858158005428,In Stock
SKU #: 858158005695,In Stock
SKU #: 858158005831,In Stock
SKU #: 858158015663,In Stock
SKU #: 858631002005,In Stock
SKU #: 859139006618,In Stock
SKU not found,In Stock
SKU not found,In Stock
SKU #: 860004946526,In Stock
SKU #: 863699000108,In Stock
SKU #: 863699000146,In Stock
SKU not found,In Stock
SKU #: 871459009001,In Stock
SKU #: 874492003548,In Stock
SKU #: 875534001461,Out of Stock
SKU #: 875534001959,In Stock
SKU #: 884623101968,Out of Stock
SKU not found,In Stock
SKU #: 890146001470,In Stock
SKU #: 890146001494,In Stock
SKU #: 891325001090,In Stock
SKU #: 891551000430,In Stock
SKU #: 894455000322,Out of Stock
SKU #: 895352002723,In Stock
SKU not found,In Stock
SKU #: 898440001165,In Stock
SKU #: 898440001424,In Stock
SKU #: 899696002753,Out of Stock
SKU #: 658010118705,In Stock
SKU #: 658010121866,In Stock
SKU #: 692752103575,In Stock
SKU #: 701159131163,In Stock
SKU #: 818336012310,In Stock
SKU #: 848858006023,In Stock
SKU #: 857164007594,In Stock
SKU #: 873562000913,In Stock
SKU #: 891475001698,In Stock
SKU #: 897580000106,In Stock
SKU #: 829262001828,In Stock
SKU #: 863699000177,In Stock
SKU #: 354973326613,In Stock
SKU #: 626232111071,In Stock
SKU #: 631257158628,In Stock
SKU #: 634084297003,In Stock
SKU #: 658010117661,In Stock
SKU not found,In Stock
SKU #: 658010120630,Out of Stock
SKU #: 658010120715,Out of Stock
SKU #: 687735304407,In Stock
SKU #: 711381003787,In Stock
SKU #: 722252160676,In Stock
SKU #: 722252239518,In Stock
SKU #: 722252284150,In Stock
SKU #: 722252313249,Out of Stock
SKU #: 722252368010,In Stock
SKU #: 722252368034,In Stock
SKU #: 722252380647,In Stock
SKU #: 722252438294,Out of Stock
SKU #: 732153024922,In Stock
SKU #: 732153027428,In Stock
SKU #: 737628005000,In Stock
SKU #: 741273003922,In Stock
SKU #: 742392702901,In Stock
SKU #: 751228037155,In Stock
SKU #: 753950002500,In Stock
SKU #: 762111934468,In Stock
SKU #: 763948013586,In Stock
SKU #: 768990018817,Out of Stock
SKU #: 790011300076,In Stock
SKU #: 792850009424,In Stock
SKU #: 792850013131,In Stock
SKU #: 792850025004,In Stock
SKU #: 792850026735,In Stock
SKU #: 792850894648,In Stock
SKU #: 792850897694,In Stock
SKU #: 792850899957,In Stock
SKU #: 792850900936,In Stock
SKU #: 803813102691,In Stock
SKU #: 808124113404,In Stock
SKU #: 808124114081,In Stock
SKU #: 808124115392,In Stock
SKU #: 808124174962,In Stock
SKU #: 808124700642,In Stock
SKU #: 810039910238,In Stock
SKU not found,In Stock
SKU #: 813006015592,In Stock
SKU #: 813026020026,In Stock
SKU #: 815099021061,In Stock
SKU #: 816401021137,In Stock
SKU #: 816401023292,In Stock
SKU #: 816401023711,In Stock
SKU #: 818512013353,Out of Stock
SKU #: 819573016475,In Stock
SKU #: 819573016482,In Stock
SKU #: 840160201882,In Stock
SKU #: 843076000495,In Stock
SKU #: 850018471466,In Stock
SKU #: 851087000021,In Stock
SKU #: 851702007466,In Stock
SKU #: 851702007497,In Stock
SKU #: 853218000634,In Stock
SKU #: 855232007354,In Stock
SKU #: 856069005759,In Stock
SKU #: 856481003593,In Stock
SKU #: 856645008075,In Stock
SKU #: 857668007465,In Stock
SKU #: 857777004270,In Stock
SKU #: 863699000184,In Stock
SKU #: 871459001340,In Stock
SKU #: 883978072503,In Stock
SKU #: 893869005084,In Stock
